# This file uses centimeters as units for non-parametric coordinates.

mtllib Table.mtl
g default
v 1.385399 1.133331 1.463639
v 1.385398 1.140712 1.627515
v 1.225672 1.140712 1.463639
v 1.385397 1.133442 1.625320
v 1.385398 1.133959 1.626404
v 1.228141 1.133380 1.463640
v 1.228133 1.133495 1.625327
v 1.228138 1.134003 1.626385
v 1.227537 1.133589 1.463641
v 1.227537 1.133696 1.625320
v 1.227603 1.134143 1.626319
v 1.228140 1.140711 1.627467
v 1.227537 1.140710 1.627263
v 1.385397 1.135573 1.627407
v 1.228129 1.135569 1.627355
v 1.227529 1.135568 1.627152
v 1.385398 1.134465 1.626900
v 1.228136 1.134484 1.626855
v 1.227607 1.134548 1.626727
v 1.227190 1.134602 1.626524
v 1.225789 1.135573 1.463640
v 1.226444 1.134404 1.463640
v 1.225789 1.140710 1.625320
v 1.225908 1.135567 1.625328
v 1.226525 1.134445 1.625308
v 1.226445 1.140711 1.626465
v 1.226511 1.135598 1.626428
v 1.226661 1.135064 1.626331
v 1.226874 1.134578 1.626223
v 1.385399 1.168592 1.627439
v 1.385399 1.175805 1.463639
v 1.225754 1.168592 1.463639
v 1.385398 1.174608 1.626906
v 1.228142 1.168589 1.627392
v 1.228139 1.174587 1.626863
v 1.227548 1.168580 1.627196
v 1.227604 1.174519 1.626727
v 1.228140 1.175756 1.463640
v 1.227537 1.175548 1.463640
v 1.385397 1.175694 1.625320
v 1.228129 1.175641 1.625324
v 1.227529 1.175434 1.625324
v 1.385398 1.175177 1.626405
v 1.228136 1.175131 1.626386
v 1.227607 1.175000 1.626324
v 1.227190 1.174793 1.626271
v 1.225871 1.168597 1.625318
v 1.226497 1.168577 1.626437
v 1.226439 1.174670 1.463640
v 1.226505 1.174635 1.625294
v 1.226657 1.174546 1.625819
v 1.226869 1.174425 1.626297
v 1.385399 1.133373 0.496492
v 1.225717 1.140712 0.496492
v 1.385399 1.140711 0.332729
v 1.228141 1.133424 0.496491
v 1.227536 1.133633 0.496491
v 1.385397 1.133697 0.334240
v 1.228133 1.133757 0.334237
v 1.227567 1.133941 0.334266
v 1.385397 1.134002 0.333726
v 1.228137 1.134048 0.333744
v 1.227614 1.134181 0.333815
v 1.226057 1.140711 0.334240
v 1.226489 1.140711 0.333666
v 1.225837 1.135568 0.496489
v 1.226172 1.135579 0.334246
v 1.226565 1.135594 0.333711
v 1.226462 1.134414 0.496518
v 1.226563 1.134476 0.334830
v 1.226703 1.134568 0.334262
v 1.226937 1.134645 0.333893
v 1.385398 1.135573 0.332838
v 1.385398 1.134465 0.333344
v 1.228141 1.140710 0.332777
v 1.228133 1.135566 0.332889
v 1.228138 1.134485 0.333387
v 1.227537 1.140710 0.332981
v 1.227537 1.135573 0.333087
v 1.227609 1.134552 0.333521
v 1.385399 1.175763 0.496492
v 1.385399 1.168592 0.332805
v 1.225797 1.168589 0.496493
v 1.385398 1.175439 0.334240
v 1.385398 1.175134 0.333726
v 1.228141 1.175712 0.496491
v 1.228135 1.175380 0.334238
v 1.228138 1.175089 0.333746
v 1.227544 1.175508 0.496495
v 1.227576 1.175200 0.334270
v 1.227609 1.174953 0.333816
v 1.228142 1.168589 0.332853
v 1.227546 1.168590 0.333052
v 1.385398 1.174609 0.333339
v 1.228139 1.174589 0.333383
v 1.227614 1.174527 0.333508
v 1.227208 1.174478 0.333705
v 1.226468 1.174650 0.496502
v 1.226123 1.168572 0.334255
v 1.226689 1.174506 0.334328
v 1.226534 1.168574 0.333701
v 1.226883 1.174424 0.333912
v 2.326345 1.133331 1.463639
v 2.486071 1.140712 1.463639
v 2.326345 1.140712 1.627515
v 2.483603 1.133380 1.463640
v 2.484107 1.133510 1.463640
v 2.484578 1.133719 1.463640
v 2.485001 1.134002 1.463640
v 2.326346 1.133442 1.625320
v 2.483614 1.133495 1.625324
v 2.484119 1.133626 1.625319
v 2.484570 1.133825 1.625306
v 2.484958 1.134083 1.625299
v 2.326346 1.133960 1.626405
v 2.483607 1.134005 1.626386
v 2.484081 1.134103 1.626329
v 2.484470 1.134236 1.626250
v 2.484767 1.134388 1.626184
v 2.485954 1.140711 1.625320
v 2.485411 1.140711 1.626404
v 2.485954 1.135573 1.463640
v 2.485835 1.135565 1.625326
v 2.485323 1.135588 1.626368
v 2.485411 1.134465 1.463640
v 2.485332 1.134494 1.625288
v 2.485156 1.134570 1.625792
v 2.484975 1.134681 1.626254
v 2.326346 1.135573 1.627407
v 2.326346 1.134466 1.626900
v 2.483602 1.140710 1.627467
v 2.483611 1.135566 1.627355
v 2.483606 1.134485 1.626857
v 2.484107 1.140710 1.627340
v 2.484117 1.135571 1.627227
v 2.484080 1.134543 1.626760
v 2.484578 1.140710 1.627135
v 2.484570 1.135584 1.627030
v 2.484470 1.134623 1.626629
v 2.485001 1.140711 1.626858
v 2.484959 1.135597 1.626780
v 2.484766 1.134694 1.626482
v 2.326345 1.175805 1.463639
v 2.326345 1.168592 1.627439
v 2.485989 1.168592 1.463639
v 2.326346 1.175694 1.625320
v 2.326346 1.175177 1.626404
v 2.483602 1.175756 1.463640
v 2.483611 1.175642 1.625327
v 2.483606 1.175133 1.626385
v 2.484107 1.175627 1.463641
v 2.484117 1.175511 1.625322
v 2.484080 1.175034 1.626328
v 2.484578 1.175417 1.463640
v 2.484570 1.175310 1.625309
v 2.484470 1.174900 1.626250
v 2.485001 1.175134 1.463640
v 2.484959 1.175054 1.625296
v 2.484766 1.174750 1.626180
v 2.483601 1.168589 1.627391
v 2.484101 1.168582 1.627269
v 2.484561 1.168571 1.627074
v 2.484972 1.168564 1.626812
v 2.326345 1.174609 1.626905
v 2.483605 1.174589 1.626862
v 2.484078 1.174530 1.626766
v 2.484469 1.174450 1.626636
v 2.484771 1.174381 1.626486
v 2.485417 1.174608 1.463639
v 2.485874 1.168588 1.625323
v 2.485331 1.174568 1.625305
v 2.485378 1.168528 1.626394
v 2.485191 1.173782 1.626317
v 2.484989 1.174460 1.626202
v 2.326345 1.133373 0.496492
v 2.326345 1.140712 0.332729
v 2.486026 1.140711 0.496492
v 2.326346 1.133697 0.334240
v 2.326346 1.134002 0.333726
v 2.483602 1.133424 0.496491
v 2.483608 1.133756 0.334238
v 2.483605 1.134046 0.333746
v 2.484103 1.133552 0.496494
v 2.484093 1.133879 0.334265
v 2.484076 1.134144 0.333806
v 2.484567 1.133756 0.496500
v 2.484504 1.134049 0.334310
v 2.484459 1.134273 0.333890
v 2.484981 1.134031 0.496505
v 2.484836 1.134255 0.334348
v 2.484746 1.134415 0.333964
v 2.483603 1.140710 0.332777
v 2.484107 1.140710 0.332904
v 2.484578 1.140710 0.333109
v 2.485001 1.140711 0.333386
v 2.326346 1.135573 0.332838
v 2.483614 1.135569 0.332890
v 2.484119 1.135574 0.333018
v 2.484570 1.135587 0.333213
v 2.484957 1.135598 0.333463
v 2.326346 1.134465 0.333345
v 2.483607 1.134484 0.333389
v 2.484081 1.134542 0.333485
v 2.484470 1.134623 0.333615
v 2.484766 1.134694 0.333763
v 2.485910 1.135575 0.496492
v 2.485379 1.134483 0.496503
v 2.485686 1.140710 0.334240
v 2.485574 1.135585 0.334249
v 2.485139 1.134613 0.334338
v 2.485366 1.140711 0.333726
v 2.485282 1.135597 0.333766
v 2.484962 1.134694 0.333945
v 2.326345 1.175763 0.496492
v 2.485942 1.168600 0.496490
v 2.326345 1.168592 0.332805
v 2.483602 1.175712 0.496491
v 2.484104 1.175584 0.496494
v 2.484567 1.175379 0.496500
v 2.484983 1.175104 0.496501
v 2.326346 1.175438 0.334240
v 2.483610 1.175379 0.334237
v 2.484096 1.175256 0.334265
v 2.484505 1.175086 0.334311
v 2.484838 1.174879 0.334345
v 2.326346 1.175134 0.333726
v 2.483606 1.175088 0.333744
v 2.484077 1.174990 0.333805
v 2.484459 1.174863 0.333890
v 2.484746 1.174721 0.333964
v 2.485616 1.168583 0.334252
v 2.485317 1.168562 0.333755
v 2.485392 1.174605 0.496519
v 2.485267 1.174567 0.334835
v 2.485134 1.174464 0.334274
v 2.484968 1.174379 0.333943
v 2.326345 1.174608 0.333339
v 2.483601 1.168589 0.332853
v 2.483604 1.174587 0.333381
v 2.484100 1.168581 0.332975
v 2.484077 1.174529 0.333477
v 2.484561 1.168571 0.333170
v 2.484469 1.174449 0.333608
v 2.484970 1.168562 0.333432
v 2.484768 1.174379 0.333757
v 2.484583 1.135920 1.627113
v 2.484348 1.140710 1.627247
v 2.484287 1.134582 1.626698
v 2.484521 1.135087 1.626841
v 2.484453 1.134388 1.626480
v 2.484773 1.135592 1.626911
v 2.484796 1.140710 1.627005
v 2.484631 1.134663 1.626557
v 2.484729 1.134493 1.626378
v 2.326345 1.175789 1.624974
v 2.483347 1.175676 1.625324
v 2.483607 1.175737 1.624980
v 2.483343 1.175789 1.463640
v 2.326346 1.175455 1.625871
v 2.483347 1.175162 1.626398
v 2.483609 1.175404 1.625868
v 2.326345 1.174969 1.626696
v 2.483346 1.174603 1.626890
v 2.483605 1.174936 1.626662
v 2.483869 1.175586 1.625326
v 2.484115 1.175605 1.624982
v 2.483858 1.175702 1.463641
v 2.483852 1.175090 1.626361
v 2.484100 1.175287 1.625839
v 2.483850 1.174564 1.626820
v 2.484074 1.174856 1.626584
v 2.484351 1.175418 1.625316
v 2.484583 1.175394 1.624980
v 2.484348 1.175531 1.463641
v 2.484287 1.174970 1.626290
v 2.484521 1.175117 1.625796
v 2.484284 1.174491 1.626704
v 2.484453 1.174748 1.626480
v 2.484773 1.175189 1.625302
v 2.484996 1.175117 1.624977
v 2.484796 1.175284 1.463640
v 2.484631 1.174827 1.626211
v 2.484863 1.174909 1.625759
v 2.484631 1.174410 1.626564
v 2.484729 1.174644 1.626378
v 2.483343 1.168591 1.627423
v 2.483603 1.173868 1.627146
v 2.326345 1.173878 1.627194
v 2.483855 1.168586 1.627340
v 2.484089 1.173837 1.627035
v 2.484337 1.168576 1.627181
v 2.484515 1.173794 1.626870
v 2.484773 1.168566 1.626952
v 2.484880 1.173767 1.626655
v 2.485162 1.168569 1.626654
v 2.485262 1.173624 1.626359
v 2.485152 1.174021 1.626298
v 2.484890 1.174372 1.626401
v 2.485972 1.168591 1.624973
v 2.485726 1.173877 1.463639
v 2.485401 1.174602 1.624976
v 2.485615 1.173862 1.625338
v 2.485192 1.174968 1.463640
v 2.485129 1.174907 1.625294
v 2.485627 1.168580 1.625888
v 2.485165 1.174487 1.625800
v 2.484876 1.174668 1.626165
v 2.483343 1.133390 0.496491
v 2.326345 1.133518 0.334815
v 2.483347 1.133719 0.334237
v 2.483605 1.133573 0.334812
v 2.326346 1.133852 0.333917
v 2.483347 1.134018 0.333732
v 2.483607 1.133906 0.333924
v 2.326345 1.134168 0.333549
v 2.483348 1.134471 0.333360
v 2.483605 1.134200 0.333582
v 2.483856 1.133478 0.496492
v 2.483858 1.133810 0.334248
v 2.484100 1.133700 0.334824
v 2.483850 1.134090 0.333772
v 2.484084 1.134019 0.333967
v 2.483853 1.134509 0.333432
v 2.484074 1.134281 0.333660
v 2.484341 1.133645 0.496497
v 2.484309 1.133959 0.334287
v 2.484539 1.133891 0.334848
v 2.484279 1.134206 0.333847
v 2.484477 1.134168 0.334031
v 2.484287 1.134582 0.333547
v 2.484453 1.134388 0.333764
v 2.484781 1.133885 0.496503
v 2.484679 1.134147 0.334332
v 2.484914 1.134134 0.334867
v 2.484615 1.134342 0.333931
v 2.484781 1.134342 0.334086
v 2.484630 1.134663 0.333687
v 2.484729 1.134492 0.333867
v 2.483343 1.140711 0.332745
v 2.483609 1.135922 0.332796
v 2.483349 1.135571 0.332856
v 2.326345 1.135927 0.332745
v 2.483858 1.140710 0.332831
v 2.484117 1.135921 0.332925
v 2.483872 1.135570 0.332944
v 2.484348 1.140710 0.332997
v 2.484582 1.135922 0.333131
v 2.484352 1.135580 0.333108
v 2.484796 1.140711 0.333239
v 2.484995 1.135923 0.333402
v 2.484771 1.135593 0.333332
v 2.485191 1.140711 0.333548
v 2.485348 1.135923 0.333731
v 2.485127 1.135599 0.333607
v 2.483611 1.135015 0.333123
v 2.326346 1.135010 0.333073
v 2.484102 1.135044 0.333238
v 2.484521 1.135088 0.333403
v 2.484861 1.135125 0.333606
v 2.485129 1.135125 0.333855
v 2.484876 1.134710 0.333843
v 2.486008 1.135927 0.496491
v 2.485759 1.135579 0.334817
v 2.485663 1.135921 0.334237
v 2.485875 1.140711 0.334815
v 2.485664 1.135019 0.496498
v 2.485269 1.134543 0.334862
v 2.485369 1.135083 0.334293
v 2.485166 1.134192 0.496505
v 2.484975 1.134374 0.334354
v 2.485423 1.135591 0.333939
v 2.485523 1.140710 0.333917
v 2.485043 1.134663 0.334071
v 2.484850 1.134492 0.333980
v 2.483343 1.175745 0.496491
v 2.483607 1.175562 0.334811
v 2.483349 1.175417 0.334237
v 2.326345 1.175618 0.334815
v 2.483857 1.175658 0.496492
v 2.484101 1.175435 0.334824
v 2.483861 1.175325 0.334247
v 2.484341 1.175491 0.496497
v 2.484539 1.175245 0.334848
v 2.484310 1.175176 0.334287
v 2.484781 1.175251 0.496503
v 2.484921 1.174995 0.334853
v 2.484680 1.174989 0.334333
v 2.485173 1.174937 0.496491
v 2.485301 1.174589 0.334924
v 2.485228 1.174547 0.334601
v 2.484982 1.174755 0.334339
v 2.483609 1.175228 0.333922
v 2.483347 1.175117 0.333731
v 2.326346 1.175284 0.333917
v 2.484086 1.175116 0.333966
v 2.483851 1.175044 0.333770
v 2.484478 1.174967 0.334032
v 2.484280 1.174929 0.333846
v 2.484781 1.174794 0.334086
v 2.484615 1.174793 0.333931
v 2.485050 1.174410 0.334071
v 2.484850 1.174643 0.333980
v 2.485671 1.173912 0.496485
v 2.485784 1.168625 0.334809
v 2.485383 1.173843 0.334284
v 2.485466 1.168566 0.333939
v 2.485153 1.173758 0.333848
v 2.485152 1.168561 0.333586
v 2.484870 1.173758 0.333585
v 2.484880 1.174363 0.333839
v 2.483343 1.168591 0.332821
v 2.326345 1.173877 0.333051
v 2.483346 1.174601 0.333354
v 2.483603 1.173867 0.333097
v 2.326345 1.174968 0.333548
v 2.483605 1.174934 0.333580
v 2.483855 1.168586 0.332904
v 2.483849 1.174562 0.333423
v 2.484089 1.173836 0.333209
v 2.484074 1.174854 0.333659
v 2.484336 1.168576 0.333064
v 2.484284 1.174490 0.333539
v 2.484515 1.173794 0.333374
v 2.484453 1.174748 0.333764
v 2.484773 1.168566 0.333293
v 2.484630 1.174410 0.333680
v 2.484729 1.174643 0.333867
v 1.385399 1.133325 0.980122
v 1.228142 1.133374 0.980122
v 1.227539 1.133582 0.980122
v 1.226440 1.134402 0.980122
v 1.225783 1.135574 0.980122
v 1.228142 1.154568 1.627473
v 1.227539 1.154568 1.627269
v 1.226440 1.154568 1.626467
v 1.225783 1.154568 1.625319
v 1.228142 1.175762 0.980122
v 1.227539 1.175554 0.980122
v 1.226434 1.174673 0.980122
v 1.228142 1.154568 0.332771
v 1.227539 1.154568 0.332975
v 1.226484 1.154568 0.333663
v 1.226050 1.154568 0.334241
v 1.855872 1.133368 0.496492
v 1.855872 1.133690 0.334241
v 1.855872 1.133996 0.333724
v 1.855872 1.134463 0.333339
v 1.855872 1.135574 0.332832
v 1.855872 1.175446 0.334241
v 1.855872 1.175140 0.333724
v 1.855872 1.174611 0.333334
v 2.485693 1.154568 0.334241
v 2.485372 1.154568 0.333724
v 2.485003 1.154568 0.333381
v 2.484576 1.154568 0.333102
v 2.484104 1.154568 0.332897
v 2.483601 1.154568 0.332771
v 2.326344 1.133325 0.980122
v 2.483601 1.133374 0.980122
v 2.484104 1.133502 0.980122
v 2.484576 1.133712 0.980122
v 2.485003 1.133996 0.980122
v 2.485416 1.134463 0.980122
v 2.485960 1.135574 0.980122
v 2.483601 1.175762 0.980122
v 2.484104 1.175634 0.980122
v 2.484576 1.175424 0.980122
v 2.485003 1.175140 0.980122
v 2.485422 1.174611 0.980122
v 2.483601 1.154568 1.627473
v 2.484104 1.154568 1.627347
v 2.484576 1.154568 1.627142
v 2.485003 1.154568 1.626864
v 2.485416 1.154568 1.626406
v 2.485960 1.154568 1.625319
v 1.855872 1.133325 1.463639
v 1.855872 1.133436 1.625319
v 1.855872 1.133954 1.626406
v 1.855872 1.134464 1.626905
v 1.855872 1.135574 1.627413
v 1.855872 1.175700 1.625319
v 1.855872 1.175182 1.626406
v 1.855872 1.174611 1.626911
v 2.326344 1.154568 1.627521
v 1.855872 1.168592 1.627444
v 1.385399 1.154568 1.627521
v 1.855872 1.140712 1.627521
v 2.486032 1.154568 0.496492
v 2.485995 1.168592 0.980122
v 2.486077 1.154568 1.463639
v 2.486077 1.140712 0.980122
v 1.855872 1.175768 0.496492
v 1.385399 1.175811 0.980122
v 1.855872 1.175811 1.463639
v 2.326344 1.175811 0.980122
v 1.225666 1.154568 1.463639
v 1.225748 1.168592 0.980122
v 1.225711 1.154568 0.496492
v 1.225666 1.140712 0.980122
v 1.385399 1.154568 0.332724
v 1.855872 1.168592 0.332800
v 2.326344 1.154568 0.332724
v 1.855872 1.140712 0.332724
v 1.385398 1.133348 1.624974
v 1.228396 1.133460 1.625324
v 1.228136 1.133399 1.624980
v 1.228400 1.133348 1.463640
v 1.385398 1.133682 1.625871
v 1.228396 1.133975 1.626398
v 1.228134 1.133732 1.625868
v 1.385398 1.134168 1.626696
v 1.228396 1.134471 1.626884
v 1.228138 1.134200 1.626662
v 1.227875 1.133550 1.625326
v 1.227532 1.133608 1.624981
v 1.227885 1.133435 1.463641
v 1.227892 1.134047 1.626361
v 1.227568 1.133907 1.625834
v 1.227890 1.134509 1.626813
v 1.227622 1.134306 1.626570
v 1.227036 1.134000 1.625308
v 1.226459 1.134410 1.624977
v 1.227000 1.133921 1.463640
v 1.227215 1.134329 1.626252
v 1.226686 1.134533 1.625806
v 1.227238 1.134602 1.626568
v 1.227025 1.134645 1.626458
v 1.228400 1.140711 1.627499
v 1.228134 1.135922 1.627449
v 1.228394 1.135571 1.627389
v 1.385398 1.135927 1.627499
v 1.227885 1.140710 1.627414
v 1.227531 1.135921 1.627244
v 1.227871 1.135570 1.627300
v 1.227000 1.140710 1.626938
v 1.226460 1.135922 1.626459
v 1.227011 1.135556 1.626836
v 1.228132 1.135015 1.627122
v 1.385397 1.135010 1.627172
v 1.227541 1.135019 1.626926
v 1.226624 1.135131 1.626351
v 1.226722 1.134861 1.626293
v 1.225690 1.135927 1.463639
v 1.225808 1.135569 1.624977
v 1.225808 1.135921 1.625322
v 1.225690 1.140711 1.624973
v 1.226041 1.135010 1.463640
v 1.226159 1.135014 1.625337
v 1.226159 1.135571 1.625883
v 1.226041 1.140710 1.625871
v 1.228400 1.168591 1.627423
v 1.385398 1.173877 1.627194
v 1.228397 1.174602 1.626891
v 1.228141 1.173867 1.627147
v 1.385398 1.174968 1.626696
v 1.228396 1.175161 1.626399
v 1.228138 1.174934 1.626664
v 1.227889 1.168586 1.627340
v 1.227894 1.174562 1.626821
v 1.227575 1.173832 1.626977
v 1.227890 1.175088 1.626362
v 1.227622 1.174840 1.626561
v 1.227028 1.168571 1.626888
v 1.227214 1.174451 1.626542
v 1.226668 1.173820 1.626347
v 1.227238 1.174838 1.626271
v 1.227025 1.174725 1.626229
v 1.228400 1.175789 1.463639
v 1.228134 1.175737 1.624978
v 1.228394 1.175676 1.625322
v 1.385398 1.175789 1.624973
v 1.227885 1.175702 1.463640
v 1.227531 1.175528 1.624979
v 1.227871 1.175586 1.625322
v 1.227000 1.175216 1.463640
v 1.226454 1.174664 1.624977
v 1.227011 1.175112 1.625337
v 1.228132 1.175403 1.625866
v 1.385397 1.175455 1.625871
v 1.227541 1.175204 1.625862
v 1.226619 1.174566 1.625753
v 1.226717 1.174507 1.626018
v 1.225771 1.168591 1.624973
v 1.226135 1.173898 1.625317
v 1.226018 1.173877 1.463639
v 1.226123 1.168616 1.625867
v 1.228400 1.133391 0.496491
v 1.228136 1.133573 0.334811
v 1.228394 1.133719 0.334237
v 1.385398 1.133518 0.334815
v 1.227887 1.133478 0.496492
v 1.227529 1.133786 0.334814
v 1.227882 1.133811 0.334247
v 1.226989 1.133970 0.496486
v 1.226529 1.134453 0.334918
v 1.226602 1.134496 0.334596
v 1.227110 1.134204 0.334294
v 1.228134 1.133907 0.333922
v 1.228396 1.134019 0.333731
v 1.385397 1.133852 0.333917
v 1.227591 1.134068 0.333974
v 1.227892 1.134092 0.333770
v 1.226787 1.134623 0.334055
v 1.227255 1.134348 0.333886
v 1.225735 1.135927 0.496491
v 1.225868 1.140711 0.334815
v 1.226079 1.135923 0.334237
v 1.225999 1.135549 0.334804
v 1.226220 1.140711 0.333917
v 1.226504 1.135923 0.333672
v 1.226319 1.135593 0.333940
v 1.226094 1.134988 0.496485
v 1.226389 1.135053 0.334280
v 1.226708 1.135114 0.333810
v 1.385398 1.135927 0.332745
v 1.228396 1.135569 0.332855
v 1.228136 1.135920 0.332796
v 1.228400 1.140711 0.332745
v 1.385398 1.135010 0.333072
v 1.228396 1.134471 0.333359
v 1.228134 1.135013 0.333122
v 1.385398 1.134168 0.333548
v 1.228138 1.134202 0.333580
v 1.227875 1.135567 0.332944
v 1.227532 1.135919 0.333001
v 1.227885 1.140709 0.332831
v 1.227892 1.134510 0.333430
v 1.227568 1.135048 0.333293
v 1.227646 1.134294 0.333671
v 1.227036 1.135585 0.333384
v 1.227000 1.140710 0.333307
v 1.227239 1.134619 0.333694
v 1.228400 1.175746 0.496491
v 1.385398 1.175618 0.334815
v 1.228396 1.175417 0.334237
v 1.228138 1.175563 0.334812
v 1.385398 1.175284 0.333917
v 1.228396 1.175118 0.333732
v 1.228136 1.175230 0.333924
v 1.385398 1.174968 0.333549
v 1.228397 1.174603 0.333355
v 1.228138 1.174936 0.333582
v 1.227887 1.175658 0.496492
v 1.227885 1.175326 0.334248
v 1.227558 1.175368 0.334827
v 1.227893 1.175046 0.333772
v 1.227593 1.175069 0.333974
v 1.227893 1.174564 0.333425
v 1.227622 1.174830 0.333674
v 1.227017 1.175184 0.496499
v 1.227139 1.174950 0.334308
v 1.226569 1.174584 0.334857
v 1.227232 1.174776 0.333888
v 1.226780 1.174450 0.334055
v 1.227255 1.174478 0.333660
v 1.227042 1.174435 0.333771
v 1.228400 1.168591 0.332822
v 1.228140 1.173868 0.333098
v 1.385398 1.173877 0.333051
v 1.227888 1.168586 0.332904
v 1.227568 1.173870 0.333281
v 1.227022 1.168609 0.333370
v 1.226682 1.173807 0.333814
v 1.225943 1.168581 0.334822
v 1.226055 1.173868 0.496499
v 1.226344 1.173799 0.334298
v 1.226277 1.168566 0.333939
v 2.483343 1.133348 1.463639
v 2.483609 1.133399 1.624978
v 2.483349 1.133460 1.625322
v 2.326345 1.133348 1.624973
v 2.483858 1.133435 1.463640
v 2.484117 1.133531 1.624979
v 2.483872 1.133551 1.625322
v 2.484348 1.133605 1.463640
v 2.484582 1.133741 1.624978
v 2.484352 1.133718 1.625313
v 2.484796 1.133852 1.463640
v 2.484995 1.134018 1.624977
v 2.484771 1.133946 1.625300
v 2.485191 1.134168 1.463640
v 2.485393 1.134471 1.624977
v 2.485131 1.134236 1.625308
v 2.483611 1.133733 1.625866
v 2.483348 1.133976 1.626399
v 2.326346 1.133682 1.625871
v 2.484102 1.133851 1.625838
v 2.483853 1.134048 1.626362
v 2.484521 1.134019 1.625795
v 2.484287 1.134167 1.626291
v 2.484866 1.134234 1.625771
v 2.484630 1.134309 1.626211
v 2.485193 1.134550 1.625726
v 2.485096 1.134609 1.625991
v 2.484880 1.134476 1.626179
v 2.486053 1.140711 1.624974
v 2.485935 1.135923 1.625324
v 2.485935 1.135571 1.624979
v 2.486053 1.135927 1.463640
v 2.485703 1.140711 1.625871
v 2.485395 1.135924 1.626398
v 2.485585 1.135555 1.625867
v 2.485192 1.140711 1.626696
v 2.484996 1.135923 1.626842
v 2.485129 1.135599 1.626635
v 2.485584 1.134998 1.625322
v 2.485702 1.135010 1.463640
v 2.485153 1.135088 1.626292
v 2.484863 1.135125 1.626638
v 2.484876 1.134710 1.626401
v 2.326345 1.135927 1.627499
v 2.483347 1.135569 1.627389
v 2.483607 1.135920 1.627449
v 2.483343 1.140711 1.627499
v 2.326346 1.135010 1.627172
v 2.483347 1.134472 1.626885
v 2.483609 1.135014 1.627123
v 2.326345 1.134168 1.626696
v 2.483605 1.134202 1.626664
v 2.483869 1.135567 1.627300
v 2.484115 1.135918 1.627319
v 2.483858 1.140710 1.627414
v 2.483852 1.134510 1.626815
v 2.484100 1.135043 1.627007
v 2.484074 1.134282 1.626585
v 2.484351 1.135577 1.627136
v 1.855872 1.154568 1.627526
v 2.486083 1.154568 0.980122
v 1.855872 1.175816 0.980122
v 1.225661 1.154568 0.980122
v 1.855872 1.154568 0.332718
v 1.228398 1.133365 1.624977
v 1.228396 1.133699 1.625871
v 1.228396 1.134179 1.626684
v 1.227878 1.133455 1.624981
v 1.227882 1.133783 1.625856
v 1.227894 1.134235 1.626628
v 1.227004 1.133935 1.624979
v 1.227120 1.134158 1.625797
v 1.227278 1.134434 1.626479
v 1.228397 1.135925 1.627482
v 1.227876 1.135921 1.627394
v 1.227004 1.135922 1.626925
v 1.228394 1.135011 1.627154
v 1.227879 1.135027 1.627072
v 1.227022 1.134966 1.626608
v 1.225708 1.135924 1.624975
v 1.226059 1.135010 1.624977
v 1.226060 1.135921 1.625871
v 1.226408 1.135028 1.625922
v 1.228399 1.173874 1.627177
v 1.228396 1.174956 1.626685
v 1.227891 1.173854 1.627099
v 1.227894 1.174899 1.626630
v 1.227115 1.173796 1.626724
v 1.227278 1.174747 1.626436
v 1.228397 1.175771 1.624975
v 1.227876 1.175681 1.624979
v 1.227004 1.175202 1.624978
v 1.228394 1.175436 1.625871
v 1.227879 1.175352 1.625855
v 1.227022 1.174878 1.625915
v 1.226035 1.173875 1.624975
v 1.226388 1.173975 1.625854
v 1.228397 1.133537 0.334812
v 1.227884 1.133629 0.334816
v 1.226961 1.134131 0.334793
v 1.228395 1.133872 0.333917
v 1.227887 1.133958 0.333940
v 1.227188 1.134282 0.334028
v 1.225889 1.135925 0.334812
v 1.226240 1.135923 0.333918
v 1.226274 1.134923 0.334787
v 1.226499 1.135110 0.334006
v 1.228398 1.135923 0.332762
v 1.228396 1.135010 0.333090
v 1.228396 1.134180 0.333559
v 1.227878 1.135919 0.332850
v 1.227882 1.135025 0.333172
v 1.227894 1.134237 0.333615
v 1.227004 1.135921 0.333321
v 1.227120 1.135085 0.333539
v 1.227373 1.134382 0.333758
v 1.228398 1.175599 0.334812
v 1.228396 1.175264 0.333918
v 1.228396 1.174957 0.333560
v 1.227885 1.175508 0.334816
v 1.227889 1.175180 0.333941
v 1.227894 1.174901 0.333617
v 1.227073 1.175077 0.334846
v 1.227189 1.174854 0.334029
v 1.227278 1.174703 0.333765
v 1.228399 1.173875 0.333068
v 1.227891 1.173855 0.333146
v 1.227091 1.173946 0.333574
v 1.226185 1.173836 0.334843
v 1.226471 1.173774 0.334005
v 2.483347 1.133365 1.624975
v 2.483867 1.133455 1.624979
v 2.484356 1.133627 1.624979
v 2.484796 1.133872 1.624977
v 2.485179 1.134179 1.624977
v 2.483349 1.133700 1.625871
v 2.483864 1.133784 1.625855
v 2.484321 1.133930 1.625817
v 2.484701 1.134118 1.625774
v 2.485020 1.134379 1.625806
v 2.486035 1.135925 1.624977
v 2.485684 1.135923 1.625871
v 2.485180 1.135924 1.626684
v 2.485683 1.135010 1.624979
v 2.485335 1.134959 1.625854
v 2.485004 1.135131 1.626520
v 2.483345 1.135924 1.627482
v 2.483347 1.135010 1.627155
v 2.483347 1.134180 1.626685
v 2.483865 1.135919 1.627394
v 2.483861 1.135025 1.627073
v 2.483849 1.134237 1.626630
v 2.484355 1.135919 1.627225
v 2.484320 1.135064 1.626929
v 2.484276 1.134334 1.626535
v 2.484796 1.135922 1.626985
v 2.484702 1.135109 1.626744
v 2.484607 1.134444 1.626426
v 2.484812 1.134529 1.626342
v 2.483345 1.175771 1.624977
v 2.483347 1.175437 1.625871
v 2.483347 1.174958 1.626684
v 2.483865 1.175681 1.624981
v 2.483861 1.175353 1.625856
v 2.483849 1.174901 1.626628
v 2.484355 1.175509 1.624981
v 2.484320 1.175207 1.625819
v 2.484276 1.174804 1.626534
v 2.484796 1.175264 1.624978
v 2.484702 1.175018 1.625775
v 2.484607 1.174693 1.626426
v 2.483345 1.173875 1.627177
v 2.483852 1.173855 1.627098
v 2.484310 1.173816 1.626959
v 2.484702 1.173774 1.626771
v 2.485061 1.173786 1.626518
v 2.485708 1.173874 1.624974
v 2.485180 1.174956 1.624977
v 2.485383 1.173833 1.625940
v 2.485004 1.174789 1.625753
v 2.484812 1.174607 1.626342
v 2.483345 1.133537 0.334812
v 2.483347 1.133872 0.333918
v 2.483347 1.134179 0.333560
v 2.483858 1.133628 0.334816
v 2.483854 1.133956 0.333941
v 2.483849 1.134235 0.333617
v 2.484327 1.133788 0.334836
v 2.484292 1.134090 0.333998
v 2.484276 1.134332 0.333711
v 2.484734 1.134006 0.334859
v 2.484639 1.134252 0.334063
v 2.484607 1.134443 0.333818
v 2.483347 1.135925 0.332762
v 2.483867 1.135921 0.332850
v 2.484356 1.135921 0.333019
v 2.484796 1.135923 0.333259
v 2.485179 1.135923 0.333559
v 2.483349 1.135010 0.333090
v 2.483864 1.135027 0.333173
v 2.484321 1.135065 0.333315
v 2.484701 1.135110 0.333500
v 2.485003 1.135130 0.333723
v 2.485854 1.135924 0.334812
v 2.485530 1.135048 0.334839
v 2.485078 1.134276 0.334870
v 2.485502 1.135922 0.333917
v 2.485243 1.135108 0.334005
v 2.484902 1.134443 0.334094
v 2.484812 1.134529 0.333902
v 2.483346 1.175598 0.334812
v 2.483860 1.175507 0.334816
v 2.484328 1.175347 0.334836
v 2.484734 1.175130 0.334859
v 2.485107 1.174831 0.334812
v 2.483349 1.175263 0.333917
v 2.483857 1.175178 0.333940
v 2.484293 1.175045 0.333998
v 2.484640 1.174884 0.334063
v 2.484902 1.174693 0.334094
v 2.485491 1.174012 0.334790
v 2.485272 1.173774 0.334005
v 2.485020 1.173753 0.333709
v 2.483344 1.173874 0.333067
v 2.483347 1.174956 0.333559
v 2.483852 1.173854 0.333145
v 2.483849 1.174899 0.333615
v 2.484310 1.173816 0.333285
v 2.484276 1.174803 0.333710
v 2.484702 1.173774 0.333474
v 2.484607 1.174693 0.333818
v 2.484812 1.174607 0.333902
v 1.228401 1.133342 0.980122
v 1.227888 1.133428 0.980122
v 1.226999 1.133916 0.980122
v 1.226034 1.135010 0.980122
v 1.225683 1.135928 0.980122
v 1.228401 1.154568 1.627505
v 1.227888 1.154568 1.627421
v 1.226999 1.154568 1.626942
v 1.226034 1.154568 1.625871
v 1.225683 1.154568 1.624973
v 1.228401 1.175794 0.980122
v 1.227888 1.175708 0.980122
v 1.226999 1.175220 0.980122
v 1.226012 1.173878 0.980122
v 1.228401 1.154568 0.332740
v 1.227888 1.154568 0.332824
v 1.226999 1.154568 0.333302
v 1.226213 1.154568 0.333917
v 1.225862 1.154568 0.334816
v 1.855872 1.133511 0.334816
v 1.855872 1.133845 0.333917
v 1.855872 1.134164 0.333545
v 1.855872 1.135010 0.333067
v 1.855872 1.135928 0.332740
v 1.855872 1.175625 0.334816
v 1.855872 1.175291 0.333917
v 1.855872 1.174972 0.333545
v 1.855872 1.173878 0.333045
v 2.485881 1.154568 0.334816
v 2.485530 1.154568 0.333917
v 2.485196 1.154568 0.333545
v 2.484796 1.154568 0.333233
v 2.484345 1.154568 0.332990
v 2.483856 1.154568 0.332824
v 2.483342 1.154568 0.332740
v 2.483342 1.133342 0.980122
v 2.483856 1.133428 0.980122
v 2.484345 1.133597 0.980122
v 2.484796 1.133845 0.980122
v 2.485196 1.134164 0.980122
v 2.485709 1.135010 0.980122
v 2.486060 1.135928 0.980122
v 2.483342 1.175794 0.980122
v 2.483856 1.175708 0.980122
v 2.484345 1.175539 0.980122
v 2.484796 1.175291 0.980122
v 2.485196 1.174972 0.980122
v 2.485732 1.173878 0.980122
v 2.483342 1.154568 1.627505
v 2.483856 1.154568 1.627421
v 2.484345 1.154568 1.627255
v 2.484796 1.154568 1.627012
v 2.485196 1.154568 1.626700
v 2.485709 1.154568 1.625871
v 2.486060 1.154568 1.624973
v 1.855872 1.133342 1.624973
v 1.855872 1.133676 1.625871
v 1.855872 1.134164 1.626700
v 1.855872 1.135010 1.627178
v 1.855872 1.135928 1.627505
v 1.855872 1.175795 1.624973
v 1.855872 1.175461 1.625871
v 1.855872 1.174972 1.626700
v 1.855872 1.173878 1.627199
v 1.855872 1.133320 0.980122
vt 0.577742 0.433413
vt 0.075129 0.006766
vt 0.007421 0.076048
vt 0.577784 0.494622
vt 0.577779 0.495077
vt 0.518216 0.433708
vt 0.518217 0.494957
vt 0.518207 0.495393
vt 0.517972 0.433715
vt 0.517983 0.494962
vt 0.517998 0.495367
vt 0.013555 0.007351
vt 0.012549 0.008335
vt 0.013710 0.004883
vt 0.518341 0.496203
vt 0.012670 0.005845
vt 0.518094 0.496134
vt 0.011709 0.006776
vt 0.517862 0.496046
vt 0.577768 0.495352
vt 0.518182 0.495648
vt 0.517972 0.495582
vt 0.517802 0.495496
vt 0.005801 0.012780
vt 0.516883 0.494846
vt 0.517450 0.433746
vt 0.008373 0.012532
vt 0.006715 0.011802
vt 0.516958 0.495078
vt 0.517510 0.495007
vt 0.010429 0.010447
vt 0.009220 0.009264
vt 0.517322 0.495654
vt 0.517517 0.495485
vt 0.517675 0.495369
vt 0.078165 0.015825
vt 0.078838 0.080027
vt 0.016322 0.079209
vt 0.078781 0.017821
vt 0.018089 0.015906
vt 0.018992 0.017775
vt 0.017792 0.016163
vt 0.018836 0.017843
vt 0.019051 0.079938
vt 0.018833 0.079915
vt 0.078890 0.018490
vt 0.019118 0.018389
vt 0.018915 0.018368
vt 0.078832 0.018084
vt 0.019055 0.018010
vt 0.018892 0.018033
vt 0.018747 0.018033
vt 0.016628 0.017336
vt 0.017179 0.016731
vt 0.018345 0.079839
vt 0.018484 0.018290
vt 0.018541 0.018134
vt 0.018604 0.017983
vt 0.577492 0.067303
vt 0.006936 0.452338
vt 0.074506 0.521364
vt 0.518215 0.067335
vt 0.517972 0.067331
vt 0.577448 0.005867
vt 0.518214 0.005862
vt 0.517992 0.005868
vt 0.577444 0.005639
vt 0.518207 0.005647
vt 0.518002 0.005677
vt 0.008623 0.516754
vt 0.009788 0.517872
vt 0.004883 0.515444
vt 0.516883 0.006250
vt 0.007543 0.518070
vt 0.517182 0.005606
vt 0.008401 0.518884
vt 0.517323 0.005437
vt 0.517461 0.067312
vt 0.517525 0.006042
vt 0.517596 0.005813
vt 0.517691 0.005657
vt 0.012989 0.523135
vt 0.518344 0.004883
vt 0.577434 0.005410
vt 0.012799 0.520707
vt 0.011940 0.522213
vt 0.518099 0.004953
vt 0.518184 0.005438
vt 0.011770 0.519749
vt 0.010955 0.521309
vt 0.517864 0.005042
vt 0.517972 0.005505
vt 0.078352 0.448236
vt 0.077507 0.512384
vt 0.015784 0.448988
vt 0.078209 0.509976
vt 0.078173 0.510179
vt 0.018472 0.448273
vt 0.018309 0.510014
vt 0.018267 0.510197
vt 0.018258 0.448291
vt 0.018128 0.510012
vt 0.018105 0.510171
vt 0.017292 0.512251
vt 0.016991 0.511995
vt 0.078126 0.510402
vt 0.018206 0.510395
vt 0.018051 0.510328
vt 0.017929 0.510252
vt 0.017783 0.448340
vt 0.016123 0.511143
vt 0.017770 0.510048
vt 0.016430 0.511470
vt 0.017827 0.510183
vt 0.933917 0.431650
vt 0.508225 0.076694
vt 0.440433 0.007434
vt 0.993444 0.431355
vt 0.993640 0.431356
vt 0.993835 0.431358
vt 0.994027 0.431363
vt 0.934215 0.492596
vt 0.993785 0.492253
vt 0.993978 0.492248
vt 0.994162 0.492248
vt 0.994334 0.492255
vt 0.934236 0.493051
vt 0.993809 0.492689
vt 0.993991 0.492658
vt 0.994148 0.492629
vt 0.994277 0.492612
vt 0.507371 0.013319
vt 0.505474 0.011452
vt 0.509982 0.013590
vt 0.995117 0.492108
vt 0.509063 0.012607
vt 0.995051 0.492339
vt 0.506525 0.010118
vt 0.994710 0.492915
vt 0.994263 0.431376
vt 0.994542 0.492274
vt 0.994466 0.492478
vt 0.994398 0.492670
vt 0.501842 0.005798
vt 0.993701 0.493499
vt 0.934256 0.493325
vt 0.502026 0.008221
vt 0.502892 0.006718
vt 0.993945 0.493419
vt 0.993842 0.492941
vt 0.502865 0.008991
vt 0.503875 0.007613
vt 0.994175 0.493319
vt 0.994030 0.492884
vt 0.503689 0.009754
vt 0.504801 0.008473
vt 0.994380 0.493202
vt 0.994189 0.492826
vt 0.504496 0.010512
vt 0.505678 0.009299
vt 0.994557 0.493066
vt 0.994314 0.492767
vt 0.436677 0.080486
vt 0.437391 0.016394
vt 0.499211 0.079817
vt 0.436689 0.019048
vt 0.436751 0.018642
vt 0.496464 0.080546
vt 0.496462 0.019129
vt 0.496531 0.018748
vt 0.496640 0.080526
vt 0.496630 0.019113
vt 0.496674 0.018763
vt 0.496813 0.080504
vt 0.496788 0.019093
vt 0.496799 0.018778
vt 0.496985 0.080479
vt 0.496937 0.019070
vt 0.496902 0.018786
vt 0.497481 0.016650
vt 0.497738 0.016840
vt 0.497986 0.017038
vt 0.498223 0.017241
vt 0.436790 0.018377
vt 0.496586 0.018507
vt 0.496730 0.018553
vt 0.496854 0.018599
vt 0.496953 0.018646
vt 0.497215 0.080437
vt 0.498972 0.018074
vt 0.497131 0.019015
vt 0.498501 0.017499
vt 0.497180 0.018616
vt 0.497009 0.018747
vt 0.932164 0.067119
vt 0.440514 0.521238
vt 0.508067 0.452174
vt 0.931882 0.005946
vt 0.931891 0.005718
vt 0.991440 0.067089
vt 0.991116 0.005969
vt 0.991129 0.005756
vt 0.991635 0.067089
vt 0.991302 0.005982
vt 0.991311 0.005787
vt 0.991827 0.067087
vt 0.991468 0.005993
vt 0.991465 0.005816
vt 0.992014 0.067082
vt 0.991613 0.005996
vt 0.991589 0.005835
vt 0.502205 0.520526
vt 0.503020 0.519740
vt 0.503819 0.518963
vt 0.504603 0.518194
vt 0.502037 0.522993
vt 0.991013 0.004990
vt 0.503070 0.522041
vt 0.991259 0.005067
vt 0.504021 0.521129
vt 0.991490 0.005165
vt 0.504909 0.520265
vt 0.991694 0.005280
vt 0.505750 0.519438
vt 0.991871 0.005416
vt 0.931907 0.005489
vt 0.991158 0.005547
vt 0.991348 0.005602
vt 0.991508 0.005659
vt 0.991633 0.005717
vt 0.509982 0.515133
vt 0.992444 0.006373
vt 0.992244 0.067066
vt 0.506316 0.516485
vt 0.507399 0.517812
vt 0.992170 0.005737
vt 0.991785 0.005960
vt 0.505374 0.517433
vt 0.506568 0.518635
vt 0.992028 0.005566
vt 0.991713 0.005795
vt 0.436763 0.448093
vt 0.499315 0.448800
vt 0.437529 0.512157
vt 0.496644 0.448080
vt 0.496818 0.448091
vt 0.496989 0.448103
vt 0.497157 0.448116
vt 0.436831 0.509733
vt 0.496734 0.509688
vt 0.496887 0.509679
vt 0.497025 0.509671
vt 0.497149 0.509673
vt 0.436867 0.509936
vt 0.496773 0.509872
vt 0.496915 0.509841
vt 0.497036 0.509814
vt 0.497135 0.509798
vt 0.498890 0.510816
vt 0.498648 0.511098
vt 0.497380 0.448135
vt 0.497347 0.509560
vt 0.497295 0.509729
vt 0.497248 0.509841
vt 0.436917 0.510158
vt 0.497739 0.511943
vt 0.496836 0.510068
vt 0.497980 0.511737
vt 0.496972 0.510009
vt 0.498214 0.511528
vt 0.497091 0.509956
vt 0.498437 0.511316
vt 0.497186 0.509904
vt 0.257778 0.011515
vt 0.503851 0.264310
vt 0.257658 0.264191
vt 0.011469 0.264086
vt 0.257514 0.516876
vt 0.518315 0.494823
vt 0.518310 0.495183
vt 0.518298 0.495538
vt 0.518119 0.494825
vt 0.518118 0.495170
vt 0.518107 0.495501
vt 0.517744 0.494849
vt 0.517800 0.495170
vt 0.517855 0.495452
vt 0.013234 0.005438
vt 0.012281 0.006353
vt 0.010541 0.008079
vt 0.518255 0.495897
vt 0.518038 0.495834
vt 0.517690 0.495592
vt 0.006331 0.012341
vt 0.517194 0.494916
vt 0.008017 0.010618
vt 0.517398 0.495308
vt 0.018986 0.017496
vt 0.019103 0.017882
vt 0.018841 0.017580
vt 0.018961 0.017920
vt 0.018595 0.017745
vt 0.018770 0.017980
vt 0.019223 0.018513
vt 0.019051 0.018495
vt 0.018719 0.018438
vt 0.019166 0.018196
vt 0.019009 0.018202
vt 0.018704 0.018144
vt 0.018154 0.018303
vt 0.018356 0.018057
vt 0.518312 0.006083
vt 0.518119 0.006087
vt 0.517727 0.006052
vt 0.518308 0.005723
vt 0.518118 0.005740
vt 0.517826 0.005753
vt 0.006274 0.516694
vt 0.008006 0.518377
vt 0.517330 0.005988
vt 0.517440 0.005639
vt 0.012501 0.522594
vt 0.518258 0.005189
vt 0.518299 0.005547
vt 0.011529 0.521708
vt 0.518041 0.005253
vt 0.518107 0.005585
vt 0.009746 0.520028
vt 0.517712 0.005428
vt 0.517895 0.005636
vt 0.018427 0.509817
vt 0.018360 0.510133
vt 0.018321 0.510287
vt 0.018263 0.509828
vt 0.018211 0.510119
vt 0.018177 0.510249
vt 0.017962 0.509852
vt 0.017974 0.510106
vt 0.017981 0.510202
vt 0.018193 0.510674
vt 0.018043 0.510593
vt 0.017819 0.510375
vt 0.017459 0.509966
vt 0.017597 0.510226
vt 0.993681 0.492121
vt 0.993878 0.492119
vt 0.994072 0.492121
vt 0.994260 0.492127
vt 0.994443 0.492137
vt 0.993698 0.492480
vt 0.993892 0.492463
vt 0.994071 0.492448
vt 0.994230 0.492438
vt 0.994380 0.492465
vt 0.509448 0.013137
vt 0.507737 0.011437
vt 0.506030 0.009775
vt 0.994808 0.492183
vt 0.994610 0.492542
vt 0.994480 0.492846
vt 0.502332 0.006338
vt 0.993777 0.493191
vt 0.993722 0.492835
vt 0.503305 0.007222
vt 0.993992 0.493119
vt 0.993914 0.492794
vt 0.504244 0.008090
vt 0.994186 0.493038
vt 0.994082 0.492751
vt 0.505150 0.008938
vt 0.994349 0.492949
vt 0.994219 0.492712
vt 0.994307 0.492685
vt 0.496357 0.019256
vt 0.496417 0.018938
vt 0.496477 0.018623
vt 0.496530 0.019233
vt 0.496575 0.018937
vt 0.496624 0.018651
vt 0.496702 0.019209
vt 0.496724 0.018935
vt 0.496755 0.018680
vt 0.496868 0.019181
vt 0.496857 0.018930
vt 0.496862 0.018707
vt 0.496580 0.018230
vt 0.496738 0.018300
vt 0.496884 0.018375
vt 0.497014 0.018452
vt 0.497128 0.018553
vt 0.497424 0.019039
vt 0.497029 0.019148
vt 0.497253 0.018743
vt 0.496974 0.018913
vt 0.496931 0.018725
vt 0.991013 0.006189
vt 0.991026 0.005830
vt 0.991039 0.005654
vt 0.991207 0.006194
vt 0.991216 0.005849
vt 0.991232 0.005694
vt 0.991392 0.006199
vt 0.991387 0.005871
vt 0.991401 0.005735
vt 0.991565 0.006199
vt 0.991532 0.005887
vt 0.991538 0.005773
vt 0.502512 0.522441
vt 0.503462 0.521537
vt 0.504371 0.520656
vt 0.505247 0.519799
vt 0.506099 0.518961
vt 0.991091 0.005298
vt 0.991308 0.005367
vt 0.991502 0.005446
vt 0.991666 0.005534
vt 0.991798 0.005637
vt 0.508626 0.516413
vt 0.992058 0.006119
vt 0.991729 0.006190
vt 0.506943 0.518127
vt 0.991904 0.005763
vt 0.991653 0.005885
vt 0.991627 0.005800
vt 0.496618 0.509493
vt 0.496784 0.509499
vt 0.496944 0.509505
vt 0.497095 0.509513
vt 0.497248 0.509543
vt 0.496679 0.509809
vt 0.496830 0.509790
vt 0.496968 0.509770
vt 0.497086 0.509756
vt 0.497185 0.509759
vt 0.497526 0.509628
vt 0.497436 0.509891
vt 0.497353 0.509999
vt 0.496848 0.510348
vt 0.496721 0.509962
vt 0.496993 0.510263
vt 0.496864 0.509921
vt 0.497129 0.510177
vt 0.496992 0.509882
vt 0.497250 0.510091
vt 0.497098 0.509849
vt 0.497167 0.509827
vt 0.518314 0.250543
vt 0.518117 0.250544
vt 0.517730 0.250546
vt 0.517163 0.250547
vt 0.005435 0.264110
vt 0.016083 0.011350
vt 0.015555 0.011849
vt 0.014533 0.012841
vt 0.013061 0.014317
vt 0.012119 0.015302
vt 0.018857 0.264086
vt 0.018680 0.264087
vt 0.018332 0.264080
vt 0.017742 0.264069
vt 0.015311 0.516750
vt 0.014769 0.516264
vt 0.013730 0.515289
vt 0.012711 0.514315
vt 0.011756 0.513346
vt 0.754663 0.006134
vt 0.754667 0.005768
vt 0.754669 0.005582
vt 0.754674 0.005213
vt 0.257511 0.522969
vt 0.257522 0.509650
vt 0.257520 0.509978
vt 0.257521 0.510143
vt 0.257521 0.510551
vt 0.503213 0.513042
vt 0.502273 0.514023
vt 0.501781 0.514521
vt 0.501277 0.515018
vt 0.500763 0.515517
vt 0.500241 0.516015
vt 0.499711 0.516512
vt 0.992342 0.249245
vt 0.992539 0.249244
vt 0.992736 0.249243
vt 0.992931 0.249243
vt 0.993124 0.249242
vt 0.993500 0.249241
vt 0.509888 0.264355
vt 0.496459 0.264295
vt 0.496636 0.264292
vt 0.496813 0.264290
vt 0.496988 0.264286
vt 0.497161 0.264278
vt 0.497578 0.264272
vt 0.499483 0.012167
vt 0.500032 0.012647
vt 0.500574 0.013130
vt 0.501106 0.013616
vt 0.501627 0.014103
vt 0.502603 0.015081
vt 0.503557 0.016062
vt 0.755997 0.493472
vt 0.756003 0.493839
vt 0.756010 0.494206
vt 0.756016 0.494575
vt 0.257779 0.005435
vt 0.257790 0.018894
vt 0.257791 0.018566
vt 0.257789 0.018237
vt 0.257780 0.017827
vt 0.755328 0.249894
vt 0.438918 0.011885
vt 0.257777 0.016085
vt 0.076640 0.011266
vt 0.257780 0.007002
vt 0.503722 0.450493
vt 0.499312 0.264281
vt 0.503748 0.078248
vt 0.508331 0.264341
vt 0.257558 0.448163
vt 0.078601 0.264111
vt 0.257757 0.080259
vt 0.436715 0.264270
vt 0.011842 0.077623
vt 0.016008 0.264070
vt 0.011331 0.450668
vt 0.006990 0.264103
vt 0.075998 0.516903
vt 0.257519 0.512295
vt 0.439029 0.516726
vt 0.257511 0.521399
vt 0.577785 0.494485
vt 0.518314 0.494959
vt 0.518217 0.494824
vt 0.518314 0.433707
vt 0.577782 0.494850
vt 0.518304 0.495406
vt 0.518213 0.495176
vt 0.577775 0.495214
vt 0.518284 0.495672
vt 0.518200 0.495520
vt 0.518120 0.494957
vt 0.517976 0.494832
vt 0.518117 0.433709
vt 0.518114 0.495380
vt 0.517992 0.495167
vt 0.518085 0.495622
vt 0.517998 0.495479
vt 0.517765 0.494975
vt 0.517469 0.494876
vt 0.517734 0.433727
vt 0.517834 0.495355
vt 0.517587 0.495207
vt 0.517821 0.495513
vt 0.517734 0.495472
vt 0.013968 0.006953
vt 0.012752 0.005898
vt 0.013190 0.005364
vt 0.518217 0.496168
vt 0.074614 0.005207
vt 0.013145 0.007748
vt 0.011613 0.007011
vt 0.012189 0.006310
vt 0.517978 0.496090
vt 0.011578 0.009299
vt 0.009274 0.009350
vt 0.010464 0.008020
vt 0.517592 0.495850
vt 0.518144 0.495867
vt 0.577751 0.495581
vt 0.517899 0.495756
vt 0.517493 0.495502
vt 0.517576 0.495436
vt 0.005889 0.075511
vt 0.006258 0.012291
vt 0.516921 0.494962
vt 0.006970 0.011682
vt 0.007814 0.013106
vt 0.517170 0.433771
vt 0.517261 0.495066
vt 0.007968 0.010533
vt 0.517140 0.495366
vt 0.009303 0.011586
vt 0.018212 0.015805
vt 0.078722 0.017559
vt 0.019064 0.017748
vt 0.018912 0.017537
vt 0.078811 0.017962
vt 0.019129 0.017999
vt 0.019031 0.017900
vt 0.017967 0.016009
vt 0.018922 0.017803
vt 0.018744 0.017643
vt 0.018982 0.018022
vt 0.018879 0.017945
vt 0.017506 0.016418
vt 0.018713 0.017904
vt 0.018448 0.017884
vt 0.018767 0.018038
vt 0.018692 0.018041
vt 0.019139 0.079946
vt 0.019137 0.018504
vt 0.019202 0.018394
vt 0.078908 0.018612
vt 0.018963 0.079930
vt 0.018925 0.018476
vt 0.019035 0.018384
vt 0.018619 0.079884
vt 0.018455 0.018381
vt 0.018718 0.018330
vt 0.019087 0.018199
vt 0.078862 0.018287
vt 0.018894 0.018189
vt 0.018531 0.018155
vt 0.018559 0.018076
vt 0.016485 0.017508
vt 0.018221 0.018205
vt 0.018035 0.079781
vt 0.016882 0.017058
vt 0.518314 0.067335
vt 0.518215 0.006085
vt 0.518310 0.005857
vt 0.577449 0.006095
vt 0.518117 0.067335
vt 0.517973 0.006080
vt 0.518119 0.005867
vt 0.517730 0.067317
vt 0.517511 0.006078
vt 0.517550 0.005952
vt 0.517795 0.005861
vt 0.518211 0.005731
vt 0.518304 0.005635
vt 0.577446 0.005730
vt 0.517999 0.005749
vt 0.518114 0.005662
vt 0.517630 0.005726
vt 0.517850 0.005691
vt 0.005415 0.452913
vt 0.007675 0.515826
vt 0.007356 0.517750
vt 0.006213 0.516757
vt 0.517032 0.005928
vt 0.009199 0.517312
vt 0.008657 0.518996
vt 0.007972 0.518477
vt 0.517253 0.005522
vt 0.517205 0.067275
vt 0.517388 0.005761
vt 0.517532 0.005551
vt 0.074001 0.522911
vt 0.012464 0.522674
vt 0.518221 0.004918
vt 0.012010 0.522150
vt 0.013221 0.521094
vt 0.577418 0.005180
vt 0.518286 0.005414
vt 0.518147 0.005220
vt 0.577442 0.005547
vt 0.518201 0.005565
vt 0.011447 0.521761
vt 0.517982 0.004998
vt 0.010845 0.521067
vt 0.012380 0.520320
vt 0.518087 0.005464
vt 0.517906 0.005314
vt 0.518008 0.005608
vt 0.009678 0.520096
vt 0.517594 0.005240
vt 0.010776 0.518809
vt 0.517817 0.005574
vt 0.018559 0.448265
vt 0.078243 0.509773
vt 0.018387 0.510015
vt 0.018345 0.509823
vt 0.078188 0.510098
vt 0.018341 0.510210
vt 0.018285 0.510126
vt 0.078158 0.510260
vt 0.018279 0.510422
vt 0.018248 0.510268
vt 0.018385 0.448281
vt 0.018231 0.510013
vt 0.018146 0.509836
vt 0.018195 0.510184
vt 0.018115 0.510112
vt 0.018134 0.510367
vt 0.018093 0.510228
vt 0.018049 0.448309
vt 0.017970 0.510016
vt 0.017727 0.509891
vt 0.017977 0.510156
vt 0.017798 0.510133
vt 0.017943 0.510267
vt 0.017877 0.510231
vt 0.017419 0.512349
vt 0.018117 0.510634
vt 0.078063 0.510663
vt 0.017167 0.512151
vt 0.017950 0.510518
vt 0.016711 0.511726
vt 0.017672 0.510292
vt 0.015892 0.510857
vt 0.017481 0.448390
vt 0.017543 0.510133
vt 0.016269 0.511312
vt 0.993345 0.431356
vt 0.993779 0.492119
vt 0.993686 0.492256
vt 0.934210 0.492459
vt 0.993542 0.431355
vt 0.993976 0.492119
vt 0.993882 0.492250
vt 0.993738 0.431357
vt 0.994167 0.492123
vt 0.994072 0.492247
vt 0.993931 0.431360
vt 0.994352 0.492131
vt 0.994249 0.492250
vt 0.994122 0.431367
vt 0.994579 0.492152
vt 0.994418 0.492265
vt 0.993796 0.492472
vt 0.993712 0.492703
vt 0.934225 0.492824
vt 0.993984 0.492455
vt 0.993903 0.492673
vt 0.994153 0.492442
vt 0.994073 0.492642
vt 0.994305 0.492443
vt 0.994216 0.492617
vt 0.994478 0.492450
vt 0.994442 0.492557
vt 0.994330 0.492616
vt 0.507938 0.013888
vt 0.508801 0.012484
vt 0.509523 0.013098
vt 0.995084 0.492224
vt 0.509778 0.076169
vt 0.506425 0.012385
vt 0.506674 0.010399
vt 0.507794 0.011363
vt 0.994881 0.492627
vt 0.504893 0.010890
vt 0.505593 0.009357
vt 0.506102 0.009709
vt 0.994633 0.492990
vt 0.994745 0.492325
vt 0.994496 0.431396
vt 0.994541 0.492743
vt 0.994419 0.492900
vt 0.994360 0.492734
vt 0.440946 0.005890
vt 0.502367 0.006258
vt 0.993823 0.493459
vt 0.502823 0.006782
vt 0.501602 0.007835
vt 0.934280 0.493553
vt 0.993740 0.492968
vt 0.993887 0.493156
vt 0.934244 0.493188
vt 0.993820 0.492815
vt 0.503383 0.007165
vt 0.994060 0.493369
vt 0.503779 0.007658
vt 0.502448 0.008606
vt 0.993939 0.492913
vt 0.994093 0.493080
vt 0.994002 0.492772
vt 0.504338 0.008043
vt 0.994277 0.493261
vt 0.504701 0.008516
vt 0.503279 0.009373
vt 0.994114 0.492855
vt 0.994271 0.492995
vt 0.994154 0.492730
vt 0.505240 0.008886
vt 0.994468 0.493134
vt 0.504094 0.010134
vt 0.994257 0.492797
vt 0.994271 0.492696
vt 0.436672 0.019171
vt 0.496378 0.019136
vt 0.496443 0.019245
vt 0.496376 0.080556
vt 0.436720 0.018845
vt 0.496455 0.018741
vt 0.496496 0.018938
vt 0.436767 0.018519
vt 0.496509 0.018486
vt 0.496552 0.018637
vt 0.496547 0.019121
vt 0.496617 0.019221
vt 0.496552 0.080536
vt 0.496604 0.018756
vt 0.496651 0.018936
vt 0.496660 0.018530
vt 0.496692 0.018665
vt 0.496710 0.019103
vt 0.496786 0.019195
vt 0.496727 0.080516
vt 0.496739 0.018771
vt 0.496792 0.018933
vt 0.496795 0.018576
vt 0.496812 0.018694
vt 0.496864 0.019083
vt 0.496949 0.019165
vt 0.496899 0.080493
vt 0.496854 0.018784
vt 0.496917 0.018924
vt 0.496907 0.018622
vt 0.496903 0.018717
vt 0.497350 0.016558
vt 0.496660 0.018264
vt 0.436839 0.018113
vt 0.497611 0.016744
vt 0.496813 0.018337
vt 0.497863 0.016938
vt 0.496951 0.018413
vt 0.498106 0.017138
vt 0.497073 0.018497
vt 0.498337 0.017347
vt 0.497225 0.018585
vt 0.497127 0.018662
vt 0.496989 0.018675
vt 0.499115 0.018250
vt 0.497481 0.080383
vt 0.497167 0.019111
vt 0.497363 0.018929
vt 0.497070 0.080465
vt 0.497008 0.019054
vt 0.498728 0.017782
vt 0.497072 0.018864
vt 0.496944 0.018783
vt 0.991341 0.067089
vt 0.931876 0.006174
vt 0.991020 0.005963
vt 0.991110 0.006191
vt 0.931887 0.005810
vt 0.991031 0.005742
vt 0.991122 0.005839
vt 0.931896 0.005627
vt 0.991056 0.005521
vt 0.991137 0.005674
vt 0.991538 0.067089
vt 0.991211 0.005975
vt 0.991301 0.006196
vt 0.991222 0.005771
vt 0.991305 0.005860
vt 0.991256 0.005574
vt 0.991320 0.005715
vt 0.991731 0.067088
vt 0.991387 0.005988
vt 0.991480 0.006200
vt 0.991392 0.005802
vt 0.991463 0.005880
vt 0.991432 0.005631
vt 0.991474 0.005755
vt 0.991921 0.067085
vt 0.991543 0.005996
vt 0.991648 0.006196
vt 0.991531 0.005828
vt 0.991595 0.005890
vt 0.991575 0.005687
vt 0.991591 0.005789
vt 0.501792 0.520921
vt 0.502992 0.521986
vt 0.502553 0.522517
vt 0.991136 0.005029
vt 0.441019 0.522802
vt 0.502614 0.520132
vt 0.503921 0.521093
vt 0.503545 0.521585
vt 0.991374 0.005116
vt 0.503421 0.519350
vt 0.504812 0.520224
vt 0.504465 0.520697
vt 0.991592 0.005222
vt 0.504213 0.518577
vt 0.505675 0.519378
vt 0.505329 0.519852
vt 0.991782 0.005348
vt 0.504990 0.517813
vt 0.506521 0.518545
vt 0.506159 0.519037
vt 0.991949 0.005491
vt 0.991202 0.005331
vt 0.931931 0.005261
vt 0.991409 0.005406
vt 0.991588 0.005489
vt 0.991736 0.005583
vt 0.991853 0.005696
vt 0.991679 0.005750
vt 0.509573 0.452751
vt 0.508690 0.516472
vt 0.992307 0.006055
vt 0.507574 0.517490
vt 0.507241 0.515541
vt 0.992472 0.067042
vt 0.991851 0.006169
vt 0.991966 0.005888
vt 0.992107 0.067078
vt 0.991681 0.005990
vt 0.506983 0.518223
vt 0.992099 0.005651
vt 0.505755 0.517053
vt 0.991744 0.005850
vt 0.991638 0.005835
vt 0.496557 0.448074
vt 0.496701 0.509496
vt 0.496654 0.509691
vt 0.436802 0.509530
vt 0.496731 0.448085
vt 0.496865 0.509502
vt 0.496811 0.509684
vt 0.496904 0.448097
vt 0.497021 0.509508
vt 0.496958 0.509675
vt 0.497073 0.448109
vt 0.497170 0.509523
vt 0.497089 0.509670
vt 0.497242 0.448125
vt 0.497357 0.509532
vt 0.497328 0.509625
vt 0.497207 0.509682
vt 0.496756 0.509800
vt 0.496700 0.509886
vt 0.436851 0.509855
vt 0.496902 0.509780
vt 0.496846 0.509857
vt 0.497030 0.509762
vt 0.496978 0.509827
vt 0.497138 0.509754
vt 0.497089 0.509804
vt 0.497271 0.509796
vt 0.497175 0.509799
vt 0.497624 0.448191
vt 0.499117 0.510532
vt 0.497478 0.509796
vt 0.498749 0.510986
vt 0.497397 0.509947
vt 0.498545 0.511208
vt 0.497304 0.510046
vt 0.497222 0.509877
vt 0.497615 0.512044
vt 0.436978 0.510419
vt 0.496764 0.510097
vt 0.496921 0.510306
vt 0.436885 0.510017
vt 0.496794 0.509942
vt 0.497860 0.511840
vt 0.496906 0.510039
vt 0.497063 0.510220
vt 0.496930 0.509900
vt 0.498098 0.511633
vt 0.497034 0.509982
vt 0.497192 0.510134
vt 0.497048 0.509864
vt 0.498327 0.511423
vt 0.497142 0.509931
vt 0.497139 0.509836
vt 0.577617 0.250381
vt 0.518215 0.250544
vt 0.517971 0.250545
vt 0.517444 0.250546
vt 0.516883 0.250548
vt 0.005342 0.264112
vt 0.015818 0.011599
vt 0.015168 0.012223
vt 0.013785 0.013580
vt 0.012469 0.014931
vt 0.018768 0.264086
vt 0.018548 0.264085
vt 0.018055 0.264074
vt 0.015039 0.516508
vt 0.014375 0.515899
vt 0.013091 0.514680
vt 0.012348 0.513951
vt 0.754828 0.067211
vt 0.754665 0.005906
vt 0.754668 0.005675
vt 0.754671 0.005444
vt 0.754678 0.004937
vt 0.257513 0.523064
vt 0.257520 0.509855
vt 0.257520 0.510061
vt 0.257522 0.510287
vt 0.502629 0.513653
vt 0.502029 0.514272
vt 0.501531 0.514769
vt 0.501022 0.515268
vt 0.500503 0.515766
vt 0.499977 0.516264
vt 0.933039 0.249407
vt 0.992441 0.249245
vt 0.992638 0.249244
vt 0.992833 0.249243
vt 0.993027 0.249242
vt 0.993266 0.249242
vt 0.993781 0.249241
vt 0.509982 0.264361
vt 0.496548 0.264294
vt 0.496725 0.264291
vt 0.496900 0.264288
vt 0.497075 0.264283
vt 0.497309 0.264274
vt 0.499758 0.012406
vt 0.500304 0.012888
vt 0.500841 0.013373
vt 0.501368 0.013859
vt 0.502000 0.014470
vt 0.503201 0.015693
vt 0.755829 0.432532
vt 0.756000 0.493610
vt 0.756007 0.494067
vt 0.756012 0.494344
vt 0.756021 0.494851
vt 0.257776 0.005341
vt 0.257789 0.018770
vt 0.257792 0.018361
vt 0.257785 0.018093
vn 0.000034 -0.001158 0.999999
vn 0.000034 0.002741 0.999996
vn 0.000000 0.002741 0.999996
vn -0.000000 -0.001147 0.999999
vn 0.000034 0.016951 0.999856
vn 0.000000 0.016942 0.999856
vn -0.000034 0.016941 0.999856
vn -0.000034 0.002740 0.999996
vn -0.000034 -0.001158 0.999999
vn 0.999999 -0.001292 -0.000313
vn 0.999995 0.003020 -0.000316
vn 0.999996 0.002962 -0.000047
vn 0.999999 -0.001248 -0.000046
vn 0.999826 0.018654 -0.000326
vn 0.999833 0.018294 -0.000048
vn 0.999835 0.018179 0.000036
vn 0.999996 0.002940 0.000036
vn 0.999999 -0.001247 0.000036
vn 0.000036 1.000000 -0.000298
vn 0.000000 1.000000 -0.000297
vn 0.000000 1.000000 -0.000044
vn 0.000035 1.000000 -0.000044
vn -0.000036 1.000000 -0.000298
vn -0.000035 1.000000 -0.000044
vn -0.000035 1.000000 0.000034
vn -0.000000 1.000000 0.000034
vn 0.000035 1.000000 0.000034
vn -0.999999 -0.001240 0.000036
vn -0.999996 0.002940 0.000036
vn -0.999996 0.002923 -0.000046
vn -0.999999 -0.001239 -0.000046
vn -0.999835 0.018182 0.000036
vn -0.999837 0.018086 -0.000044
vn -0.999841 0.017822 -0.000301
vn -0.999996 0.002871 -0.000309
vn -0.999999 -0.001278 -0.000313
vn -0.000035 -0.001166 -0.999999
vn -0.000034 0.002741 -0.999996
vn -0.000000 0.002742 -0.999996
vn 0.000000 -0.001155 -0.999999
vn -0.000034 0.016954 -0.999856
vn -0.000000 0.016946 -0.999856
vn 0.000034 0.016947 -0.999856
vn 0.000034 0.002741 -0.999996
vn 0.000035 -0.001163 -0.999999
vn -0.000035 -1.000000 0.000034
vn -0.000036 -1.000000 0.000688
vn -0.000322 -1.000000 0.000694
vn -0.000314 -1.000000 0.000035
vn -0.000034 -0.937190 0.348819
vn -0.000297 -0.936914 0.349559
vn -0.159016 -0.924661 0.346000
vn -0.169013 -0.985614 0.000690
vn -0.166833 -0.985985 0.000037
vn -0.000295 -0.902278 0.431155
vn -0.156813 -0.890086 0.427969
vn -0.000033 -0.902638 0.430400
vn -0.000034 -0.861373 0.507974
vn -0.000294 -0.861322 0.508059
vn -0.156368 -0.850656 0.501930
vn -0.000034 -0.699582 0.714553
vn -0.000293 -0.699396 0.714734
vn -0.000035 -0.492188 0.870489
vn -0.000297 -0.492107 0.870535
vn -0.155558 -0.486169 0.859908
vn -0.156589 -0.690936 0.705753
vn -0.327077 -0.944998 0.000634
vn -0.326419 -0.945225 0.000035
vn -0.302250 -0.893840 0.331202
vn -0.450689 -0.838607 0.305970
vn -0.481428 -0.876486 0.000554
vn -0.481514 -0.876439 0.000030
vn -0.288999 -0.863188 0.413987
vn -0.429229 -0.816053 0.387066
vn -0.275691 -0.830136 0.484634
vn -0.405449 -0.795207 0.450841
vn -0.261453 -0.678653 0.686348
vn -0.266333 -0.469159 0.841996
vn -0.379524 -0.436934 0.815506
vn -0.371880 -0.663338 0.649375
vn -0.598145 -0.801388 0.000513
vn -0.597852 -0.801607 0.000029
vn -0.568838 -0.770644 0.287283
vn -0.722765 -0.627827 0.288868
vn -0.750538 -0.660828 0.000535
vn -0.750266 -0.661136 0.000031
vn -0.544212 -0.757456 0.360685
vn -0.700404 -0.617612 0.357757
vn -0.515358 -0.745982 0.421802
vn -0.657665 -0.608088 0.444641
vn -0.464108 -0.651718 0.599890
vn -0.436437 -0.410822 0.800467
vn -0.483277 -0.418444 0.768992
vn -0.593074 -0.503690 0.628139
vn -0.000307 -0.001191 0.999999
vn -0.000315 -0.021417 0.999771
vn -0.000035 -0.021191 0.999775
vn -0.163486 -0.001229 0.986545
vn -0.165451 -0.021236 0.985989
vn -0.157589 -0.333943 0.929326
vn -0.000300 -0.337005 0.941503
vn -0.000034 -0.336220 0.941783
vn -0.320568 -0.001141 0.947225
vn -0.320893 -0.019679 0.946911
vn -0.473884 -0.000989 0.880587
vn -0.473625 -0.017833 0.880546
vn -0.445245 -0.296578 0.844866
vn -0.300973 -0.320453 0.898179
vn -0.589809 -0.015902 0.807386
vn -0.552048 -0.268911 0.789259
vn -0.589904 -0.000956 0.807473
vn -0.743507 -0.001057 0.668727
vn -0.744082 -0.015086 0.667918
vn -0.723384 -0.250114 0.643552
vn -0.000299 -0.416462 0.909153
vn -0.000034 -0.415798 0.909457
vn -0.155884 -0.413457 0.897081
vn -0.286226 -0.397672 0.871741
vn -0.421974 -0.365059 0.829861
vn -0.532958 -0.337955 0.775720
vn -0.711008 -0.309403 0.631456
vn -0.705294 -0.382724 0.596727
vn -0.723160 -0.461684 0.513700
vn -0.999743 -0.022693 0.000037
vn -0.999738 -0.022898 0.000728
vn -0.999999 -0.001271 0.000722
vn -0.933886 -0.357571 0.000034
vn -0.933594 -0.358333 0.000665
vn -0.881215 -0.330727 0.337756
vn -0.930866 -0.020646 0.364778
vn -0.931316 -0.001218 0.364209
vn -0.872028 -0.489455 0.000611
vn -0.832835 -0.454922 0.315328
vn -0.872235 -0.489087 0.000033
vn -0.868076 -0.017864 0.496111
vn -0.867866 -0.001170 0.496796
vn -0.841414 -0.295395 0.452509
vn -0.808049 -0.421193 0.411889
vn -0.159765 0.016609 0.987015
vn -0.000301 0.016948 0.999856
vn -0.000299 0.088307 0.996093
vn -0.156936 0.086365 0.983825
vn -0.000035 0.088312 0.996093
vn -0.000034 0.415105 0.909774
vn -0.000295 0.414725 0.909947
vn -0.154779 0.407313 0.900077
vn -0.000035 0.661355 0.750073
vn -0.000294 0.661093 0.750304
vn -0.000035 0.861416 0.507899
vn -0.000300 0.861483 0.507786
vn -0.157257 0.850683 0.501606
vn -0.157193 0.650751 0.742842
vn -0.464904 0.013609 0.885257
vn -0.312075 0.015467 0.949931
vn -0.298144 0.079738 0.951185
vn -0.448330 0.069484 0.891163
vn -0.274737 0.389844 0.878943
vn -0.406566 0.356620 0.841146
vn -0.263223 0.629361 0.731176
vn -0.269139 0.832695 0.483925
vn -0.383225 0.806339 0.450507
vn -0.375900 0.587751 0.716413
vn -0.748958 0.012749 0.662495
vn -0.585162 0.012276 0.810824
vn -0.575236 0.059111 0.815849
vn -0.760403 0.056868 0.646957
vn -0.520771 0.328604 0.787919
vn -0.682330 0.349686 0.641986
vn -0.474929 0.528505 0.703651
vn -0.440624 0.791490 0.423549
vn -0.487476 0.759529 0.430677
vn -0.631797 0.558035 0.537987
vn -0.000314 1.000000 0.000035
vn -0.000322 1.000000 0.000695
vn -0.000036 1.000000 0.000688
vn -0.166839 0.985984 0.000036
vn -0.168884 0.985636 0.000688
vn -0.160089 0.924347 0.346345
vn -0.000305 0.936810 0.349839
vn -0.000035 0.937147 0.348935
vn -0.326559 0.945177 0.000033
vn -0.327281 0.944927 0.000636
vn -0.481618 0.876381 0.000029
vn -0.481710 0.876330 0.000575
vn -0.451101 0.838076 0.306816
vn -0.305437 0.892430 0.332081
vn -0.624889 0.780713 0.000503
vn -0.583771 0.764610 0.273099
vn -0.624090 0.781352 0.000028
vn -0.805993 0.591925 0.000032
vn -0.806710 0.590948 0.000484
vn -0.786189 0.563119 0.254568
vn -0.000302 0.902316 0.431075
vn -0.000035 0.902634 0.430408
vn -0.157990 0.889964 0.427789
vn -0.289874 0.864206 0.411243
vn -0.426866 0.821942 0.377090
vn -0.566366 0.748392 0.345165
vn -0.773285 0.550677 0.314301
vn -0.763838 0.509560 0.396106
vn -0.767856 0.423693 0.480501
vn -0.999834 0.018205 0.000722
vn -0.993726 0.111836 0.000717
vn -0.993716 0.111932 0.000036
vn -0.930683 0.016841 0.365440
vn -0.928160 0.089017 0.361379
vn -0.880250 0.079758 0.467759
vn -0.873031 0.015618 0.487414
vn -0.000036 -1.000000 -0.000298
vn -0.000321 -1.000000 -0.000301
vn -0.000338 -0.999998 -0.002014
vn -0.000039 -0.999998 -0.001998
vn -0.167770 -0.985826 -0.000303
vn -0.171075 -0.985256 -0.002015
vn -0.170838 -0.922439 -0.346294
vn -0.000339 -0.936845 -0.349746
vn -0.000040 -0.937154 -0.348916
vn -0.327244 -0.944940 -0.000292
vn -0.328721 -0.944425 -0.001839
vn -0.480829 -0.876814 -0.000269
vn -0.480177 -0.877170 -0.001629
vn -0.444581 -0.840360 -0.310070
vn -0.308383 -0.891967 -0.330599
vn -0.568840 -0.822447 -0.001469
vn -0.539177 -0.779766 -0.318204
vn -0.587529 -0.809203 -0.000219
vn -0.751081 -0.660210 -0.000177
vn -0.753174 -0.657820 -0.000751
vn -0.730696 -0.635526 -0.249379
vn -0.720236 -0.621599 -0.308016
vn -0.709666 -0.607655 -0.356552
vn -0.000318 -0.860604 -0.509275
vn -0.000037 -0.860624 -0.509241
vn -0.164788 -0.848376 -0.503094
vn -0.156659 -0.747460 -0.645571
vn -0.000292 -0.758718 -0.651419
vn -0.000034 -0.759050 -0.651032
vn -0.288753 -0.826423 -0.483370
vn -0.419995 -0.786752 -0.452356
vn -0.385917 -0.708485 -0.590861
vn -0.265491 -0.732538 -0.626820
vn -0.528717 -0.718634 -0.451689
vn -0.501865 -0.615135 -0.608063
vn -0.662805 -0.550551 -0.507526
vn -0.559628 -0.454458 -0.693025
vn -0.933834 -0.357707 -0.000302
vn -0.999729 -0.023297 -0.000316
vn -0.999697 -0.024509 -0.002106
vn -0.933313 -0.359058 -0.001859
vn -0.999997 -0.001369 -0.002098
vn -0.931308 -0.001369 -0.364229
vn -0.931005 -0.021314 -0.364384
vn -0.881579 -0.327111 -0.340318
vn -0.799505 -0.001205 -0.600659
vn -0.799694 -0.017723 -0.600146
vn -0.615878 -0.001011 -0.787841
vn -0.615659 -0.015540 -0.787860
vn -0.590058 -0.275547 -0.758885
vn -0.767174 -0.301101 -0.566377
vn -0.891559 -0.452902 -0.001665
vn -0.879500 -0.475899 -0.000245
vn -0.837510 -0.424991 -0.343452
vn -0.736199 -0.402566 -0.544014
vn -0.574484 -0.361796 -0.734215
vn -0.000035 -0.021176 -0.999776
vn -0.000315 -0.021345 -0.999772
vn -0.000308 -0.001191 -0.999999
vn -0.000033 -0.336137 -0.941813
vn -0.000293 -0.336819 -0.941569
vn -0.156609 -0.333610 -0.929612
vn -0.165495 -0.021255 -0.985982
vn -0.163503 -0.001242 -0.986542
vn -0.000291 -0.416675 -0.909056
vn -0.154774 -0.413656 -0.897181
vn -0.000033 -0.415933 -0.909395
vn -0.000034 -0.492235 -0.870463
vn -0.000291 -0.492332 -0.870408
vn -0.154741 -0.486409 -0.859920
vn -0.000034 -0.635509 -0.772093
vn -0.000288 -0.635005 -0.772508
vn -0.155139 -0.625207 -0.764885
vn -0.320628 -0.019572 -0.947003
vn -0.320475 -0.001169 -0.947256
vn -0.297764 -0.319606 -0.899549
vn -0.444829 -0.295708 -0.845390
vn -0.473346 -0.017209 -0.880709
vn -0.473810 -0.001030 -0.880626
vn -0.284910 -0.400305 -0.870966
vn -0.424360 -0.374543 -0.824400
vn -0.270444 -0.468902 -0.840827
vn -0.399845 -0.434716 -0.806936
vn -0.257844 -0.608813 -0.750242
vn -0.368536 -0.578779 -0.727459
vn -0.546578 -0.016062 -0.837254
vn -0.546587 -0.000985 -0.837402
vn -0.520533 -0.280690 -0.806386
vn -0.488130 -0.420031 -0.765051
vn -0.502375 -0.358457 -0.786847
vn -0.455367 -0.547319 -0.702198
vn -0.167713 0.985836 -0.000303
vn -0.000320 1.000000 -0.000301
vn -0.000336 0.999998 -0.002012
vn -0.170890 0.985288 -0.002010
vn -0.000039 0.999998 -0.001997
vn -0.000039 0.937190 -0.348820
vn -0.000336 0.936933 -0.349509
vn -0.170320 0.922700 -0.345854
vn -0.000037 0.860663 -0.509175
vn -0.000314 0.860631 -0.509229
vn -0.000034 0.759058 -0.651023
vn -0.000290 0.758673 -0.651472
vn -0.156346 0.747938 -0.645093
vn -0.164268 0.848865 -0.502438
vn -0.000034 0.592780 -0.805364
vn -0.000291 0.591625 -0.806213
vn -0.000035 0.415129 -0.909763
vn -0.000298 0.414771 -0.909926
vn -0.155316 0.407736 -0.899794
vn -0.155304 0.580458 -0.799343
vn -0.478322 0.878184 -0.000259
vn -0.324126 0.946014 -0.000288
vn -0.320089 0.947386 -0.001873
vn -0.472323 0.881424 -0.001659
vn -0.305497 0.892525 -0.331770
vn -0.447562 0.839829 -0.307205
vn -0.288593 0.826541 -0.483264
vn -0.267909 0.731353 -0.627174
vn -0.387232 0.707495 -0.591187
vn -0.421848 0.787490 -0.449337
vn -0.255588 0.566868 -0.783157
vn -0.263732 0.390973 -0.881808
vn -0.379062 0.358040 -0.853299
vn -0.359154 0.547768 -0.755618
vn -0.807375 0.590038 -0.000248
vn -0.622837 0.782352 -0.000242
vn -0.620737 0.784018 -0.001522
vn -0.810439 0.585822 -0.001559
vn -0.598881 0.746459 -0.290068
vn -0.782990 0.546281 -0.297498
vn -0.572541 0.703534 -0.420995
vn -0.529661 0.631797 -0.565943
vn -0.632201 0.386339 -0.671613
vn -0.740333 0.492232 -0.457837
vn -0.462623 0.531758 -0.709376
vn -0.437652 0.333029 -0.835196
vn -0.486525 0.325886 -0.810612
vn -0.575246 0.351361 -0.738673
vn -0.000302 0.016975 -0.999856
vn -0.000302 0.088404 -0.996085
vn -0.000035 0.088353 -0.996089
vn -0.159932 0.016654 -0.986988
vn -0.157379 0.086613 -0.983733
vn -0.316104 0.015518 -0.948597
vn -0.307544 0.076504 -0.948453
vn -0.472905 0.014238 -0.880998
vn -0.467944 0.064700 -0.881386
vn -0.527572 0.061424 -0.847287
vn -0.539458 0.013604 -0.841903
vn -0.607042 0.012019 -0.794579
vn -0.591607 0.053541 -0.804447
vn -0.935167 0.015144 -0.353882
vn -0.999849 0.017286 -0.002004
vn -0.994347 0.106160 -0.001850
vn -0.937094 0.091692 -0.336819
vn -0.993944 0.109888 -0.000285
vn -0.811244 0.070951 -0.580388
vn -0.803856 0.013050 -0.594681
vn 0.000035 -1.000000 0.000034
vn 0.000314 -1.000000 0.000035
vn 0.000322 -1.000000 0.000695
vn 0.000036 -1.000000 0.000688
vn 0.166766 -0.985996 0.000036
vn 0.168820 -0.985647 0.000688
vn 0.160053 -0.924356 0.346337
vn 0.000304 -0.936811 0.349836
vn 0.000035 -0.937149 0.348930
vn 0.248398 -0.968658 0.000037
vn 0.250546 -0.968104 0.000673
vn 0.328600 -0.944469 0.000036
vn 0.330614 -0.943766 0.000646
vn 0.314267 -0.888664 0.333935
vn 0.238380 -0.909223 0.341304
vn 0.406901 -0.913472 0.000036
vn 0.408737 -0.912652 0.000613
vn 0.482574 -0.875855 0.000035
vn 0.484014 -0.875060 0.000579
vn 0.459197 -0.830936 0.314140
vn 0.388193 -0.862527 0.324584
vn 0.555209 -0.831711 0.000034
vn 0.556167 -0.831070 0.000550
vn 0.624227 -0.781243 0.000034
vn 0.624671 -0.780888 0.000537
vn 0.592797 -0.749070 0.295780
vn 0.528228 -0.792945 0.303668
vn 0.749487 -0.662020 0.000034
vn 0.750035 -0.661398 0.000511
vn 0.854995 -0.518637 0.000035
vn 0.855044 -0.518556 0.000527
vn 0.824336 -0.490952 0.281845
vn 0.706100 -0.648828 0.283628
vn 0.000303 -0.902336 0.431032
vn 0.000035 -0.902665 0.430343
vn 0.157993 -0.889991 0.427731
vn 0.157271 -0.850736 0.501512
vn 0.000300 -0.861505 0.507749
vn 0.000035 -0.861458 0.507828
vn 0.233792 -0.875672 0.422541
vn 0.306147 -0.856713 0.415112
vn 0.301542 -0.821500 0.483953
vn 0.231782 -0.838083 0.493856
vn 0.376025 -0.833130 0.405587
vn 0.442524 -0.805251 0.394642
vn 0.429341 -0.778383 0.458024
vn 0.367831 -0.801294 0.471835
vn 0.507185 -0.772437 0.382236
vn 0.568014 -0.734743 0.370827
vn 0.540123 -0.726308 0.425140
vn 0.486735 -0.753690 0.441634
vn 0.673161 -0.641801 0.367350
vn 0.807463 -0.479148 0.344122
vn 0.792324 -0.463627 0.396576
vn 0.778109 -0.446205 0.442095
vn 0.765825 -0.419475 0.487394
vn 0.654812 -0.613982 0.440734
vn 0.999999 -0.001277 0.000723
vn 0.999736 -0.022957 0.000727
vn 0.999741 -0.022742 0.000037
vn 0.931313 -0.001174 0.364219
vn 0.930925 -0.020851 0.364615
vn 0.881253 -0.330679 0.337705
vn 0.933515 -0.358537 0.000657
vn 0.933847 -0.357674 0.000035
vn 0.893593 -0.019832 0.448440
vn 0.851309 -0.315418 0.419266
vn 0.894030 -0.001167 0.448006
vn 0.850087 -0.001178 0.526641
vn 0.850033 -0.018129 0.526418
vn 0.815398 -0.296615 0.497137
vn 0.742597 -0.001164 0.669738
vn 0.742950 -0.016519 0.669143
vn 0.616184 -0.001162 0.787601
vn 0.616549 -0.016515 0.787143
vn 0.589773 -0.287066 0.754825
vn 0.714602 -0.285954 0.638415
vn 0.897460 -0.441095 0.000599
vn 0.897787 -0.440430 0.000035
vn 0.858689 -0.404474 0.314729
vn 0.832818 -0.381732 0.400867
vn 0.795645 -0.359735 0.487381
vn 0.694519 -0.356573 0.624899
vn 0.569152 -0.361843 0.738333
vn 0.545491 -0.410265 0.730837
vn 0.675594 -0.401638 0.618272
vn 0.000035 -0.021181 0.999776
vn 0.000315 -0.021362 0.999772
vn 0.000307 -0.001191 0.999999
vn 0.000033 -0.336180 0.941798
vn 0.000294 -0.336835 0.941564
vn 0.156590 -0.333579 0.929626
vn 0.165519 -0.021262 0.985977
vn 0.163522 -0.001247 0.986539
vn 0.000292 -0.416549 0.909113
vn 0.154825 -0.413632 0.897183
vn 0.000033 -0.415838 0.909439
vn 0.000034 -0.492221 0.870470
vn 0.000291 -0.492318 0.870416
vn 0.154822 -0.486444 0.859885
vn 0.000034 -0.699727 0.714410
vn 0.000293 -0.699901 0.714240
vn 0.156707 -0.691119 0.705547
vn 0.245510 -0.020832 0.969170
vn 0.243651 -0.001261 0.969862
vn 0.234202 -0.328862 0.914877
vn 0.309677 -0.322026 0.894650
vn 0.324290 -0.020092 0.945744
vn 0.322504 -0.001254 0.946567
vn 0.230343 -0.408729 0.883110
vn 0.302667 -0.401754 0.864284
vn 0.229267 -0.479095 0.847292
vn 0.299110 -0.469640 0.830645
vn 0.231903 -0.680718 0.694869
vn 0.301339 -0.667301 0.681105
vn 0.401314 -0.019142 0.915741
vn 0.399669 -0.001236 0.916659
vn 0.383453 -0.313320 0.868789
vn 0.454101 -0.303663 0.837605
vn 0.475962 -0.018137 0.879279
vn 0.474686 -0.001209 0.880154
vn 0.372431 -0.392774 0.840847
vn 0.438568 -0.382481 0.813244
vn 0.365089 -0.458081 0.810476
vn 0.426168 -0.444869 0.787701
vn 0.366002 -0.651304 0.664714
vn 0.424031 -0.633932 0.646783
vn 0.547982 -0.017191 0.836313
vn 0.547158 -0.001182 0.837028
vn 0.522865 -0.294140 0.800059
vn 0.503638 -0.371500 0.779959
vn 0.484759 -0.428981 0.762223
vn 0.474692 -0.615789 0.628865
vn 0.520262 -0.596472 0.611186
vn 0.627773 -0.538220 0.562335
vn 0.000036 1.000000 0.000687
vn 0.000322 1.000000 0.000694
vn 0.000314 1.000000 0.000035
vn 0.000034 0.937192 0.348814
vn 0.000298 0.936907 0.349578
vn 0.159024 0.924663 0.345991
vn 0.169072 0.985603 0.000690
vn 0.166886 0.985976 0.000036
vn 0.000295 0.902261 0.431189
vn 0.156817 0.890078 0.427983
vn 0.000034 0.902619 0.430439
vn 0.000034 0.861351 0.508011
vn 0.000294 0.861297 0.508101
vn 0.156366 0.850645 0.501948
vn 0.000035 0.661283 0.750136
vn 0.000295 0.660735 0.750619
vn 0.000035 0.415137 0.909759
vn 0.000299 0.414807 0.909909
vn 0.155226 0.407708 0.899822
vn 0.157114 0.650868 0.742755
vn 0.250519 0.968111 0.000675
vn 0.248443 0.968647 0.000037
vn 0.237881 0.909495 0.340928
vn 0.314297 0.888778 0.333604
vn 0.330417 0.943835 0.000649
vn 0.328532 0.944493 0.000037
vn 0.233349 0.875656 0.422817
vn 0.306337 0.856559 0.415289
vn 0.231545 0.837951 0.494192
vn 0.301914 0.821208 0.484216
vn 0.232002 0.639335 0.733094
vn 0.227309 0.399655 0.888035
vn 0.295709 0.389510 0.872261
vn 0.301505 0.624663 0.720341
vn 0.408436 0.912787 0.000617
vn 0.406754 0.913538 0.000036
vn 0.388609 0.862442 0.324310
vn 0.459774 0.830679 0.313975
vn 0.483771 0.875194 0.000583
vn 0.482468 0.875913 0.000035
vn 0.376659 0.832773 0.405730
vn 0.443235 0.804773 0.394821
vn 0.368502 0.800785 0.472177
vn 0.429926 0.777872 0.458343
vn 0.366251 0.607314 0.705004
vn 0.361390 0.377310 0.852663
vn 0.423667 0.363238 0.829798
vn 0.424508 0.588401 0.688169
vn 0.556029 0.831163 0.000550
vn 0.555153 0.831748 0.000034
vn 0.528966 0.792437 0.303708
vn 0.595822 0.746535 0.296110
vn 0.624616 0.780932 0.000527
vn 0.624215 0.781252 0.000034
vn 0.508580 0.771101 0.383078
vn 0.574134 0.729002 0.372728
vn 0.488643 0.752417 0.441697
vn 0.549585 0.720981 0.422070
vn 0.475842 0.568173 0.671382
vn 0.481741 0.346966 0.804699
vn 0.531382 0.332597 0.779110
vn 0.522255 0.546688 0.654509
vn 0.000302 0.016971 0.999856
vn 0.000302 0.088404 0.996085
vn 0.000035 0.088348 0.996090
vn 0.159931 0.016657 0.986988
vn 0.157375 0.086618 0.983733
vn 0.237659 0.016115 0.971215
vn 0.231284 0.083648 0.969284
vn 0.314180 0.015359 0.949239
vn 0.304098 0.079609 0.949308
vn 0.390014 0.014461 0.920695
vn 0.376768 0.074716 0.923289
vn 0.464629 0.013509 0.885402
vn 0.449137 0.069397 0.890764
vn 0.537594 0.012628 0.843110
vn 0.521549 0.063253 0.850874
vn 0.606560 0.011966 0.794948
vn 0.589157 0.058176 0.805922
vn 0.714620 0.010590 0.699433
vn 0.667322 0.058695 0.742453
vn 0.854298 0.009280 0.519701
vn 0.858625 0.034701 0.511427
vn 0.821975 0.303071 0.482188
vn 0.808406 0.361458 0.464573
vn 0.806328 0.405765 0.430336
vn 0.653651 0.354301 0.668739
vn 0.935961 0.016183 0.351730
vn 0.999834 0.018187 0.000708
vn 0.995506 0.094699 0.000682
vn 0.939034 0.082381 0.333809
vn 0.995505 0.094711 0.000036
vn 0.898166 0.439657 0.000035
vn 0.898386 0.439207 0.000585
vn 0.860723 0.410477 0.301105
vn 0.784754 0.619807 0.000034
vn 0.785574 0.618768 0.000529
vn 0.756606 0.583934 0.294226
vn 0.921653 0.073511 0.380988
vn 0.841677 0.402520 0.359939
vn 0.907754 0.013321 0.419292
vn 0.737562 0.568073 0.365095
vn 0.719696 0.558295 0.412729
vn 0.653078 0.487660 0.579376
vn 0.167674 -0.985842 -0.000302
vn 0.000320 -1.000000 -0.000300
vn 0.000336 -0.999998 -0.002011
vn 0.170869 -0.985292 -0.002009
vn 0.000036 -1.000000 -0.000298
vn 0.000039 -0.999998 -0.001997
vn 0.000039 -0.937185 -0.348834
vn 0.000335 -0.936924 -0.349533
vn 0.170307 -0.922728 -0.345786
vn 0.000037 -0.860665 -0.509172
vn 0.000314 -0.860625 -0.509239
vn 0.000034 -0.759086 -0.650990
vn 0.000290 -0.758656 -0.651491
vn 0.156326 -0.747925 -0.645113
vn 0.164265 -0.848852 -0.502462
vn 0.000034 -0.635494 -0.772106
vn 0.000290 -0.634786 -0.772688
vn 0.000034 -0.492115 -0.870530
vn 0.000297 -0.492058 -0.870562
vn 0.155674 -0.486112 -0.859919
vn 0.155393 -0.625188 -0.764848
vn 0.326284 -0.945272 -0.000289
vn 0.247639 -0.968852 -0.000298
vn 0.248170 -0.968715 -0.001964
vn 0.324141 -0.946007 -0.001888
vn 0.247048 -0.907177 -0.340583
vn 0.320235 -0.886733 -0.333397
vn 0.241037 -0.835402 -0.493967
vn 0.232140 -0.735492 -0.636524
vn 0.302340 -0.719630 -0.625078
vn 0.312982 -0.817797 -0.482959
vn 0.230023 -0.614291 -0.754809
vn 0.229396 -0.478788 -0.847431
vn 0.298727 -0.469333 -0.830957
vn 0.299220 -0.600854 -0.741244
vn 0.478957 -0.877838 -0.000264
vn 0.403617 -0.914928 -0.000277
vn 0.399559 -0.916706 -0.001789
vn 0.473869 -0.880594 -0.001683
vn 0.391181 -0.861257 -0.324365
vn 0.459053 -0.830939 -0.314341
vn 0.381129 -0.796576 -0.469262
vn 0.367390 -0.701032 -0.611211
vn 0.424930 -0.681339 -0.595996
vn 0.444120 -0.772612 -0.453683
vn 0.363427 -0.585059 -0.725001
vn 0.364609 -0.457861 -0.810817
vn 0.425722 -0.444669 -0.788055
vn 0.420402 -0.567593 -0.707885
vn 0.622541 -0.782587 -0.000244
vn 0.552107 -0.833773 -0.000252
vn 0.547450 -0.836837 -0.001584
vn 0.619856 -0.784714 -0.001514
vn 0.526262 -0.794052 -0.304187
vn 0.593496 -0.748277 -0.296386
vn 0.505033 -0.744770 -0.436188
vn 0.475736 -0.661987 -0.579179
vn 0.522147 -0.643024 -0.560253
vn 0.566407 -0.709551 -0.419191
vn 0.469886 -0.548603 -0.691550
vn 0.484237 -0.428665 -0.762732
vn 0.544871 -0.410050 -0.731420
vn 0.513860 -0.526590 -0.677238
vn 0.000307 -0.001191 -0.999999
vn 0.000315 -0.021399 -0.999771
vn 0.000035 -0.021193 -0.999775
vn 0.163429 -0.001227 -0.986554
vn 0.165400 -0.021208 -0.985999
vn 0.157656 -0.333879 -0.929338
vn 0.000300 -0.337060 -0.941483
vn 0.000034 -0.336241 -0.941776
vn 0.243697 -0.001232 -0.969851
vn 0.245727 -0.020729 -0.969117
vn 0.322499 -0.001225 -0.946569
vn 0.324468 -0.019953 -0.945686
vn 0.309765 -0.322264 -0.894534
vn 0.234813 -0.329193 -0.914601
vn 0.399853 -0.001209 -0.916579
vn 0.401619 -0.019004 -0.915610
vn 0.474870 -0.001186 -0.880055
vn 0.476182 -0.018013 -0.879162
vn 0.453534 -0.303710 -0.837894
vn 0.383094 -0.313467 -0.868895
vn 0.547227 -0.001164 -0.836983
vn 0.548108 -0.017105 -0.836232
vn 0.616240 -0.001154 -0.787558
vn 0.616553 -0.016474 -0.787141
vn 0.588999 -0.287073 -0.755427
vn 0.522377 -0.294177 -0.800364
vn 0.681678 -0.001155 -0.731652
vn 0.681535 -0.016310 -0.731604
vn 0.742917 -0.001175 -0.669383
vn 0.742503 -0.016698 -0.669634
vn 0.711208 -0.290193 -0.640290
vn 0.652812 -0.285357 -0.701718
vn 0.000298 -0.416476 -0.909147
vn 0.000034 -0.415839 -0.909438
vn 0.155996 -0.413490 -0.897046
vn 0.230849 -0.408628 -0.883025
vn 0.302469 -0.401569 -0.864439
vn 0.371873 -0.392572 -0.841188
vn 0.437965 -0.382355 -0.813629
vn 0.503062 -0.371383 -0.780387
vn 0.568333 -0.361740 -0.739014
vn 0.635628 -0.358840 -0.683528
vn 0.695666 -0.366012 -0.618130
vn 0.689582 -0.415502 -0.593156
vn 0.624171 -0.400221 -0.670995
vn 0.999745 -0.022576 -0.000316
vn 0.999747 -0.022394 -0.002113
vn 0.999997 -0.001390 -0.002100
vn 0.935051 -0.354512 -0.000289
vn 0.936873 -0.349665 -0.001895
vn 0.881319 -0.330052 -0.338147
vn 0.930863 -0.020691 -0.364781
vn 0.931290 -0.001395 -0.364277
vn 0.902031 -0.431667 -0.001744
vn 0.853361 -0.410988 -0.320723
vn 0.899470 -0.436983 -0.000270
vn 0.856951 -0.515397 -0.000255
vn 0.860540 -0.509381 -0.001603
vn 0.821117 -0.481837 -0.305942
vn 0.750561 -0.660800 -0.000245
vn 0.752978 -0.658044 -0.001507
vn 0.724293 -0.622719 -0.296006
vn 0.849394 -0.018572 -0.527433
vn 0.849359 -0.001296 -0.527814
vn 0.812137 -0.310387 -0.494059
vn 0.792568 -0.390822 -0.468076
vn 0.774575 -0.454717 -0.439620
vn 0.693961 -0.588449 -0.414905
vn 0.637127 -0.532234 -0.557491
vn 0.594924 -0.487000 -0.639450
vn 0.000321 1.000000 -0.000301
vn 0.000338 0.999998 -0.002015
vn 0.000039 0.999998 -0.001998
vn 0.167787 0.985823 -0.000303
vn 0.171086 0.985254 -0.002015
vn 0.170838 0.922469 -0.346216
vn 0.000340 0.936845 -0.349746
vn 0.000040 0.937164 -0.348890
vn 0.247610 0.968860 -0.000299
vn 0.248068 0.968741 -0.001967
vn 0.326196 0.945302 -0.000289
vn 0.323940 0.946076 -0.001888
vn 0.320309 0.886593 -0.333698
vn 0.247373 0.906921 -0.341028
vn 0.403519 0.914971 -0.000277
vn 0.399405 0.916773 -0.001787
vn 0.478911 0.877864 -0.000264
vn 0.473866 0.880595 -0.001680
vn 0.459114 0.830891 -0.314379
vn 0.391139 0.861219 -0.324517
vn 0.553088 0.833123 -0.000252
vn 0.550490 0.834840 -0.001549
vn 0.624589 0.780954 -0.000248
vn 0.627012 0.779008 -0.001463
vn 0.581670 0.755587 -0.301245
vn 0.524330 0.795172 -0.304598
vn 0.772150 0.635440 -0.000224
vn 0.748342 0.663312 -0.001511
vn 0.899345 0.437240 -0.000201
vn 0.900246 0.435380 -0.000828
vn 0.873505 0.415935 -0.252957
vn 0.858552 0.410222 -0.307583
vn 0.849476 0.386850 -0.358800
vn 0.717808 0.612107 -0.331778
vn 0.000318 0.860608 -0.509268
vn 0.000037 0.860622 -0.509244
vn 0.164797 0.848431 -0.502997
vn 0.156661 0.747535 -0.645484
vn 0.000292 0.758752 -0.651380
vn 0.000034 0.759098 -0.650977
vn 0.241498 0.834863 -0.494653
vn 0.313127 0.817426 -0.483494
vn 0.302473 0.719242 -0.625461
vn 0.232479 0.734990 -0.636980
vn 0.381107 0.796338 -0.469685
vn 0.444128 0.772397 -0.454042
vn 0.424992 0.681227 -0.596080
vn 0.367328 0.700911 -0.611387
vn 0.504333 0.744788 -0.436966
vn 0.561851 0.710726 -0.423310
vn 0.522230 0.642882 -0.560338
vn 0.475840 0.661793 -0.579315
vn 0.711741 0.544777 -0.443443
vn 0.800420 0.362975 -0.477050
vn 0.724913 0.331666 -0.603738
vn 0.677435 0.474547 -0.562037
vn 0.996644 0.081845 -0.001740
vn 0.995883 0.090646 -0.000332
vn 0.999810 0.019387 -0.001983
vn 0.939199 0.015685 -0.343015
vn 0.948042 0.069642 -0.310430
vn 0.857565 0.013393 -0.514201
vn 0.870113 0.063647 -0.488724
vn 0.747042 0.012136 -0.664665
vn 0.753065 0.059894 -0.655214
vn 0.681593 0.011793 -0.731637
vn 0.680501 0.057337 -0.730500
vn 0.611391 0.011975 -0.791238
vn 0.601849 0.059025 -0.796425
vn 0.553959 0.326439 -0.765877
vn 0.646459 0.316376 -0.694260
vn 0.159711 0.016611 -0.987024
vn 0.000301 0.016955 -0.999856
vn 0.000299 0.088320 -0.996092
vn 0.156918 0.086377 -0.983827
vn 0.000035 0.088317 -0.996092
vn 0.000034 0.415025 -0.909810
vn 0.000294 0.414646 -0.909983
vn 0.154781 0.407221 -0.900119
vn 0.000034 0.592787 -0.805359
vn 0.000289 0.591777 -0.806102
vn 0.155072 0.580032 -0.799697
vn 0.314343 0.015335 -0.949186
vn 0.237577 0.016076 -0.971236
vn 0.231419 0.083432 -0.969270
vn 0.304576 0.079493 -0.949165
vn 0.227632 0.399157 -0.888177
vn 0.296222 0.389134 -0.872254
vn 0.229560 0.567777 -0.790526
vn 0.298268 0.553057 -0.777923
vn 0.464825 0.013503 -0.885300
vn 0.390294 0.014445 -0.920577
vn 0.377301 0.074652 -0.923077
vn 0.449435 0.069355 -0.890617
vn 0.361917 0.377046 -0.852557
vn 0.424077 0.363046 -0.829673
vn 0.362034 0.536013 -0.762641
vn 0.419109 0.516959 -0.746392
vn 0.523816 0.063799 -0.849439
vn 0.486164 0.346122 -0.802399
vn 0.538581 0.012615 -0.842480
vn 0.469665 0.495212 -0.730876
vn 0.516620 0.468020 -0.716980
vn 0.619007 0.417869 -0.664993
vn -0.000035 -1.000000 -0.000044
vn -0.000313 -1.000000 -0.000044
vn -0.166390 -0.986060 -0.000044
vn -0.326455 -0.945213 -0.000043
vn -0.481335 -0.876537 -0.000040
vn -0.595358 -0.803460 -0.000031
vn -0.750353 -0.661038 -0.000026
vn -0.874013 -0.485903 -0.000034
vn -0.933970 -0.357351 -0.000044
vn -0.999740 -0.022785 -0.000047
vn -0.000303 0.002737 0.999996
vn -0.161885 0.002668 0.986806
vn -0.318388 0.002509 0.947957
vn -0.471756 0.002240 0.881726
vn -0.588589 0.002052 0.808430
vn -0.744477 0.002145 0.667644
vn -0.869151 0.002489 0.494541
vn -0.931294 0.002760 0.364259
vn -0.999995 0.002939 0.000719
vn -0.000313 1.000000 -0.000044
vn -0.166405 0.986058 -0.000045
vn -0.325786 0.945444 -0.000043
vn -0.480811 0.876824 -0.000039
vn -0.623531 0.781798 -0.000037
vn -0.806069 0.591821 -0.000037
vn -0.993766 0.111486 -0.000042
vn -0.000304 0.002740 -0.999996
vn -0.161925 0.002673 -0.986799
vn -0.319264 0.002536 -0.947662
vn -0.473645 0.002371 -0.880712
vn -0.544885 0.002210 -0.838508
vn -0.613874 0.002055 -0.789402
vn -0.800569 0.002152 -0.599237
vn -0.932346 0.002423 -0.361559
vn -0.999994 0.002765 -0.002071
vn -0.000000 -0.999998 -0.001993
vn -0.000000 -0.937260 -0.348631
vn -0.000000 -1.000000 -0.000297
vn -0.000000 -0.860666 -0.509170
vn -0.000000 -0.759198 -0.650859
vn 0.000000 -0.635695 -0.771940
vn 0.000000 -0.492160 -0.870505
vn 0.000000 -0.415655 -0.909522
vn 0.000000 -0.335957 -0.941877
vn 0.000000 -0.021133 -0.999777
vn 0.000000 0.999998 -0.001993
vn 0.000000 0.937268 -0.348608
vn 0.000000 0.860660 -0.509179
vn 0.000000 0.759204 -0.650853
vn -0.000000 0.593155 -0.805088
vn -0.000000 0.415209 -0.909726
vn -0.000000 0.088335 -0.996091
vn 0.999993 0.003133 -0.002071
vn 0.933351 0.002588 -0.358956
vn 0.851312 0.002205 -0.524656
vn 0.744041 0.001993 -0.668130
vn 0.681668 0.001942 -0.731660
vn 0.614939 0.001968 -0.788573
vn 0.544834 0.002062 -0.838541
vn 0.471993 0.002193 -0.881600
vn 0.396926 0.002333 -0.917848
vn 0.319820 0.002470 -0.947475
vn 0.241477 0.002586 -0.970403
vn 0.161825 0.002669 -0.986816
vn 0.000304 0.002734 -0.999996
vn 0.000035 -1.000000 -0.000044
vn 0.000313 -1.000000 -0.000044
vn 0.166344 -0.986068 -0.000044
vn 0.247531 -0.968880 -0.000044
vn 0.327385 -0.944891 -0.000042
vn 0.405515 -0.914089 -0.000041
vn 0.481236 -0.876591 -0.000039
vn 0.554145 -0.832420 -0.000037
vn 0.623681 -0.781679 -0.000036
vn 0.749576 -0.661918 -0.000036
vn 0.855451 -0.517883 -0.000037
vn 0.898299 -0.439384 -0.000040
vn 0.934231 -0.356668 -0.000042
vn 0.999743 -0.022649 -0.000047
vn 0.000313 1.000000 -0.000045
vn 0.166426 0.986054 -0.000045
vn 0.247563 0.968872 -0.000044
vn 0.327343 0.944906 -0.000043
vn 0.405419 0.914131 -0.000041
vn 0.481171 0.876627 -0.000039
vn 0.554352 0.832282 -0.000038
vn 0.624108 0.781338 -0.000037
vn 0.781626 0.623747 -0.000032
vn 0.898406 0.439166 -0.000030
vn 0.995586 0.093856 -0.000049
vn 0.000304 0.002740 0.999996
vn 0.161931 0.002672 0.986799
vn 0.241559 0.002586 0.970383
vn 0.319825 0.002471 0.947473
vn 0.396754 0.002332 0.917922
vn 0.471823 0.002190 0.881691
vn 0.544549 0.002056 0.838726
vn 0.613796 0.001937 0.789462
vn 0.736468 0.001622 0.676471
vn 0.851173 0.001559 0.524883
vn 0.897485 0.002024 0.441041
vn 0.932583 0.002552 0.360945
vn 0.999995 0.002935 0.000718
vn -0.000000 -1.000000 0.000034
vn 0.000000 -1.000000 0.000686
vn 0.000000 -0.937265 0.348619
vn 0.000000 -0.902767 0.430130
vn 0.000000 -0.861421 0.507892
vn -0.000000 -0.699660 0.714476
vn -0.000000 -0.492195 0.870485
vn -0.000000 -0.415587 0.909553
vn -0.000000 -0.335980 0.941869
vn -0.000000 -0.021130 0.999777
vn -0.000000 1.000000 0.000686
vn -0.000000 0.937265 0.348617
vn -0.000000 0.902741 0.430185
vn -0.000000 0.861386 0.507951
vn 0.000000 0.661466 0.749975
vn 0.000000 0.415248 0.909708
vn 0.000000 0.088331 0.996091
vn -0.000000 -1.000000 -0.000044
s 1
g tawlah:tawlah:CubeFBXASC046001
usemtl tawlah:tawlah:tawlah:tawlah:aiStandardSurface7SG
f 105/117/1 484/512/2 727/274/3 487/515/4
f 484/512/2 144/164/5 485/513/6 727/274/3
f 727/274/3 485/513/6 30/36/7 486/514/8
f 487/515/4 727/274/3 486/514/8 2/2/9
f 177/197/10 488/516/11 728/275/12 491/519/13
f 488/516/11 215/243/14 489/517/15 728/275/12
f 728/275/12 489/517/15 145/165/16 490/518/17
f 491/519/13 728/275/12 490/518/17 104/116/18
f 214/242/19 492/520/20 729/276/21 495/523/22
f 492/520/20 81/93/23 493/521/24 729/276/21
f 729/276/21 493/521/24 31/37/25 494/522/26
f 495/523/22 729/276/21 494/522/26 143/163/27
f 3/3/28 496/524/29 730/277/30 499/527/31
f 496/524/29 32/38/32 497/525/33 730/277/30
f 730/277/30 497/525/33 83/95/34 498/526/35
f 499/527/31 730/277/30 498/526/35 54/60/36
f 55/61/37 500/528/38 731/278/39 503/531/40
f 500/528/38 82/94/41 501/529/42 731/278/39
f 731/278/39 501/529/42 216/244/43 502/530/44
f 503/531/40 731/278/39 502/530/44 176/196/45
f 1/1/46 504/532/47 732/279/48 507/535/49
f 504/532/47 4/4/50 505/533/51 732/279/48
f 732/279/48 505/533/51 7/7/52 506/534/53
f 507/535/49 732/279/48 506/534/53 6/6/54
f 7/7/52 505/533/51 733/280/55 510/538/56
f 505/533/51 4/4/50 508/536/57 733/280/55
f 733/280/55 508/536/57 5/5/58 509/537/59
f 510/538/56 733/280/55 509/537/59 8/8/60
f 5/5/58 511/539/61 734/281/62 509/537/59
f 511/539/61 17/20/63 512/540/64 734/281/62
f 734/281/62 512/540/64 18/21/65 513/541/66
f 509/537/59 734/281/62 513/541/66 8/8/60
f 6/6/54 506/534/53 735/282/67 516/544/68
f 506/534/53 7/7/52 514/542/69 735/282/67
f 735/282/67 514/542/69 10/10/70 515/543/71
f 516/544/68 735/282/67 515/543/71 9/9/72
f 10/10/70 514/542/69 736/283/73 518/546/74
f 514/542/69 7/7/52 510/538/56 736/283/73
f 736/283/73 510/538/56 8/8/60 517/545/75
f 518/546/74 736/283/73 517/545/75 11/11/76
f 8/8/60 513/541/66 737/284/77 517/545/75
f 513/541/66 18/21/65 519/547/78 737/284/77
f 737/284/77 519/547/78 19/22/79 520/548/80
f 517/545/75 737/284/77 520/548/80 11/11/76
f 9/9/72 515/543/71 738/285/81 523/551/82
f 515/543/71 10/10/70 521/549/83 738/285/81
f 738/285/81 521/549/83 25/30/84 522/550/85
f 523/551/82 738/285/81 522/550/85 22/26/86
f 25/30/84 521/549/83 739/286/87 525/553/88
f 521/549/83 10/10/70 518/546/74 739/286/87
f 739/286/87 518/546/74 11/11/76 524/552/89
f 525/553/88 739/286/87 524/552/89 29/35/90
f 11/11/76 520/548/80 740/287/91 524/552/89
f 520/548/80 19/22/79 526/554/92 740/287/91
f 740/287/91 526/554/92 20/23/93 527/555/94
f 524/552/89 740/287/91 527/555/94 29/35/90
f 2/2/9 528/556/95 741/288/96 531/560/97
f 528/556/95 12/12/98 529/557/99 741/288/96
f 741/288/96 529/557/99 15/16/100 530/558/101
f 531/560/97 741/288/96 530/558/101 14/14/102
f 12/12/98 532/561/103 742/289/104 529/557/99
f 532/561/103 13/13/105 533/562/106 742/289/104
f 742/289/104 533/562/106 16/18/107 534/563/108
f 529/557/99 742/289/104 534/563/108 15/16/100
f 16/18/107 533/562/106 743/290/109 537/567/110
f 533/562/106 13/13/105 535/565/111 743/290/109
f 743/290/109 535/565/111 26/31/112 536/566/113
f 537/567/110 743/290/109 536/566/113 27/32/114
f 14/15/102 530/559/101 744/291/115 539/570/116
f 530/559/101 15/17/100 538/569/117 744/291/115
f 744/291/115 538/569/117 18/21/65 512/540/64
f 539/570/116 744/291/115 512/540/64 17/20/63
f 15/17/100 534/564/108 745/292/118 538/569/117
f 534/564/108 16/19/107 540/571/119 745/292/118
f 745/292/118 540/571/119 19/22/79 519/547/78
f 538/569/117 745/292/118 519/547/78 18/21/65
f 20/23/93 526/554/92 746/293/120 527/555/94
f 19/22/79 540/571/119 746/293/120 526/554/92
f 16/19/107 537/568/110 746/293/120 540/571/119
f 27/33/114 541/572/121 746/293/120 537/568/110
f 28/34/122 542/573/123 746/293/120 541/572/121
f 29/35/90 527/555/94 746/293/120 542/573/123
f 3/3/28 543/574/124 747/294/125 546/578/126
f 543/574/124 21/24/127 544/575/128 747/294/125
f 747/294/125 544/575/128 24/28/129 545/577/130
f 546/578/126 747/294/125 545/577/130 23/27/131
f 24/29/129 544/576/128 748/295/132 548/580/133
f 544/576/128 21/25/127 547/579/134 748/295/132
f 748/295/132 547/579/134 22/26/86 522/550/85
f 548/580/133 748/295/132 522/550/85 25/30/84
f 23/27/131 545/577/130 749/296/135 550/583/136
f 545/577/130 24/28/129 549/581/137 749/296/135
f 749/296/135 549/581/137 27/32/114 536/566/113
f 550/583/136 749/296/135 536/566/113 26/31/112
f 28/34/122 541/572/121 750/297/138 542/573/123
f 27/33/114 549/582/137 750/297/138 541/572/121
f 24/29/129 548/580/133 750/297/138 549/582/137
f 25/30/84 525/553/88 750/297/138 548/580/133
f 29/35/90 542/573/123 750/297/138 525/553/88
f 34/40/139 551/584/140 751/298/141 554/587/142
f 551/584/140 30/36/7 552/585/143 751/298/141
f 751/298/141 552/585/143 33/39/144 553/586/145
f 554/587/142 751/298/141 553/586/145 35/41/146
f 33/39/144 555/588/147 752/299/148 553/586/145
f 555/588/147 43/49/149 556/589/150 752/299/148
f 752/299/148 556/589/150 44/50/151 557/590/152
f 553/586/145 752/299/148 557/590/152 35/41/146
f 36/42/153 558/591/154 753/300/155 560/593/156
f 558/591/154 34/40/139 554/587/142 753/300/155
f 753/300/155 554/587/142 35/41/146 559/592/157
f 560/593/156 753/300/155 559/592/157 37/43/158
f 35/41/146 557/590/152 754/301/159 559/592/157
f 557/590/152 44/50/151 561/594/160 754/301/159
f 754/301/159 561/594/160 45/51/161 562/595/162
f 559/592/157 754/301/159 562/595/162 37/43/158
f 48/54/163 563/596/164 755/302/165 565/598/166
f 563/596/164 36/42/153 560/593/156 755/302/165
f 755/302/165 560/593/156 37/43/158 564/597/167
f 565/598/166 755/302/165 564/597/167 52/58/168
f 37/43/158 562/595/162 756/303/169 564/597/167
f 562/595/162 45/51/161 566/599/170 756/303/169
f 756/303/169 566/599/170 46/52/171 567/600/172
f 564/597/167 756/303/169 567/600/172 52/58/168
f 31/37/25 568/601/173 757/304/174 571/604/175
f 568/601/173 38/44/176 569/602/177 757/304/174
f 757/304/174 569/602/177 41/47/178 570/603/179
f 571/604/175 757/304/174 570/603/179 40/46/180
f 38/44/176 572/605/181 758/305/182 569/602/177
f 572/605/181 39/45/183 573/606/184 758/305/182
f 758/305/182 573/606/184 42/48/185 574/607/186
f 569/602/177 758/305/182 574/607/186 41/47/178
f 42/48/185 573/606/184 759/306/187 577/610/188
f 573/606/184 39/45/183 575/608/189 759/306/187
f 759/306/187 575/608/189 49/55/190 576/609/191
f 577/610/188 759/306/187 576/609/191 50/56/192
f 40/46/180 570/603/179 760/307/193 579/612/194
f 570/603/179 41/47/178 578/611/195 760/307/193
f 760/307/193 578/611/195 44/50/151 556/589/150
f 579/612/194 760/307/193 556/589/150 43/49/149
f 41/47/178 574/607/186 761/308/196 578/611/195
f 574/607/186 42/48/185 580/613/197 761/308/196
f 761/308/196 580/613/197 45/51/161 561/594/160
f 578/611/195 761/308/196 561/594/160 44/50/151
f 46/52/171 566/599/170 762/309/198 567/600/172
f 45/51/161 580/613/197 762/309/198 566/599/170
f 42/48/185 577/610/188 762/309/198 580/613/197
f 50/56/192 581/614/199 762/309/198 577/610/188
f 51/57/200 582/615/201 762/309/198 581/614/199
f 52/58/168 567/600/172 762/309/198 582/615/201
f 32/38/32 583/616/202 763/310/203 585/618/204
f 583/616/202 47/53/205 584/617/206 763/310/203
f 763/310/203 584/617/206 50/56/192 576/609/191
f 585/618/204 763/310/203 576/609/191 49/55/190
f 51/57/200 581/614/199 764/311/207 582/615/201
f 50/56/192 584/617/206 764/311/207 581/614/199
f 47/53/205 586/619/208 764/311/207 584/617/206
f 48/54/163 565/598/166 764/311/207 586/619/208
f 52/58/168 582/615/201 764/311/207 565/598/166
f 53/59/209 587/620/210 765/312/211 590/623/212
f 587/620/210 56/62/213 588/621/214 765/312/211
f 765/312/211 588/621/214 59/65/215 589/622/216
f 590/623/212 765/312/211 589/622/216 58/64/217
f 56/62/213 591/624/218 766/313/219 588/621/214
f 591/624/218 57/63/220 592/625/221 766/313/219
f 766/313/219 592/625/221 60/66/222 593/626/223
f 588/621/214 766/313/219 593/626/223 59/65/215
f 60/66/222 592/625/221 767/314/224 597/630/225
f 57/63/220 594/627/226 767/314/224 592/625/221
f 69/78/227 595/628/228 767/314/224 594/627/226
f 70/79/229 596/629/230 767/314/224 595/628/228
f 71/80/231 597/630/225 767/314/224 596/629/230
f 58/64/217 589/622/216 768/315/232 600/633/233
f 589/622/216 59/65/215 598/631/234 768/315/232
f 768/315/232 598/631/234 62/68/235 599/632/236
f 600/633/233 768/315/232 599/632/236 61/67/237
f 59/65/215 593/626/223 769/316/238 598/631/234
f 593/626/223 60/66/222 601/634/239 769/316/238
f 769/316/238 601/634/239 63/69/240 602/635/241
f 598/631/234 769/316/238 602/635/241 62/68/235
f 63/69/240 601/634/239 770/317/242 604/637/243
f 601/634/239 60/66/222 597/630/225 770/317/242
f 770/317/242 597/630/225 71/80/231 603/636/244
f 604/637/243 770/317/242 603/636/244 72/81/245
f 66/72/246 605/638/247 771/318/248 608/641/249
f 605/638/247 54/60/36 606/639/250 771/318/248
f 771/318/248 606/639/250 64/70/251 607/640/252
f 608/641/249 771/318/248 607/640/252 67/74/253
f 64/70/251 609/643/254 772/319/255 607/640/252
f 609/643/254 65/71/256 610/644/257 772/319/255
f 772/319/255 610/644/257 68/76/258 611/645/259
f 607/640/252 772/319/255 611/645/259 67/74/253
f 70/79/229 595/628/228 773/320/260 596/629/230
f 69/78/227 612/647/261 773/320/260 595/628/228
f 66/73/246 608/642/249 773/320/260 612/647/261
f 67/75/253 613/648/262 773/320/260 608/642/249
f 71/80/231 596/629/230 773/320/260 613/648/262
f 67/75/253 611/646/259 774/321/263 613/648/262
f 611/646/259 68/77/258 614/649/264 774/321/263
f 774/321/263 614/649/264 72/81/245 603/636/244
f 613/648/262 774/321/263 603/636/244 71/80/231
f 55/61/37 615/650/265 775/322/266 618/654/267
f 615/650/265 73/82/268 616/651/269 775/322/266
f 775/322/266 616/651/269 76/86/270 617/653/271
f 618/654/267 775/322/266 617/653/271 75/85/272
f 76/87/270 616/652/269 776/323/273 621/657/274
f 616/652/269 73/83/268 619/655/275 776/323/273
f 776/323/273 619/655/275 74/84/276 620/656/277
f 621/657/274 776/323/273 620/656/277 77/88/278
f 74/84/276 622/658/279 777/324/280 620/656/277
f 622/658/279 61/67/237 599/632/236 777/324/280
f 777/324/280 599/632/236 62/68/235 623/659/281
f 620/656/277 777/324/280 623/659/281 77/88/278
f 75/85/272 617/653/271 778/325/282 626/663/283
f 617/653/271 76/86/270 624/660/284 778/325/282
f 778/325/282 624/660/284 79/90/285 625/662/286
f 626/663/283 778/325/282 625/662/286 78/89/287
f 79/91/285 624/661/284 779/326/288 628/665/289
f 624/661/284 76/87/270 621/657/274 779/326/288
f 779/326/288 621/657/274 77/88/278 627/664/290
f 628/665/289 779/326/288 627/664/290 80/92/291
f 77/88/278 623/659/281 780/327/292 627/664/290
f 623/659/281 62/68/235 602/635/241 780/327/292
f 780/327/292 602/635/241 63/69/240 629/666/293
f 627/664/290 780/327/292 629/666/293 80/92/291
f 78/89/287 625/662/286 781/328/294 631/669/295
f 625/662/286 79/90/285 630/667/296 781/328/294
f 781/328/294 630/667/296 68/76/258 610/644/257
f 631/669/295 781/328/294 610/644/257 65/71/256
f 80/92/291 632/670/297 782/329/298 628/665/289
f 632/670/297 72/81/245 614/649/264 782/329/298
f 782/329/298 614/649/264 68/77/258 630/668/296
f 628/665/289 782/329/298 630/668/296 79/91/285
f 72/81/245 632/670/297 783/330/299 604/637/243
f 80/92/291 629/666/293 783/330/299 632/670/297
f 63/69/240 604/637/243 783/330/299 629/666/293
f 86/98/300 633/671/301 784/331/302 636/674/303
f 633/671/301 81/93/23 634/672/304 784/331/302
f 784/331/302 634/672/304 84/96/305 635/673/306
f 636/674/303 784/331/302 635/673/306 87/99/307
f 84/96/305 637/675/308 785/332/309 635/673/306
f 637/675/308 85/97/310 638/676/311 785/332/309
f 785/332/309 638/676/311 88/100/312 639/677/313
f 635/673/306 785/332/309 639/677/313 87/99/307
f 85/97/310 640/678/314 786/333/315 638/676/311
f 640/678/314 94/106/316 641/679/317 786/333/315
f 786/333/315 641/679/317 95/107/318 642/680/319
f 638/676/311 786/333/315 642/680/319 88/100/312
f 89/101/320 643/681/321 787/334/322 645/683/323
f 643/681/321 86/98/300 636/674/303 787/334/322
f 787/334/322 636/674/303 87/99/307 644/682/324
f 645/683/323 787/334/322 644/682/324 90/102/325
f 87/99/307 639/677/313 788/335/326 644/682/324
f 639/677/313 88/100/312 646/684/327 788/335/326
f 788/335/326 646/684/327 91/103/328 647/685/329
f 644/682/324 788/335/326 647/685/329 90/102/325
f 88/100/312 642/680/319 789/336/330 646/684/327
f 642/680/319 95/107/318 648/686/331 789/336/330
f 789/336/330 648/686/331 96/108/332 649/687/333
f 646/684/327 789/336/330 649/687/333 91/103/328
f 98/110/334 650/688/335 790/337/336 652/690/337
f 650/688/335 89/101/320 645/683/323 790/337/336
f 790/337/336 645/683/323 90/102/325 651/689/338
f 652/690/337 790/337/336 651/689/338 100/112/339
f 90/102/325 647/685/329 791/338/340 651/689/338
f 647/685/329 91/103/328 653/691/341 791/338/340
f 791/338/340 653/691/341 102/114/342 654/692/343
f 651/689/338 791/338/340 654/692/343 100/112/339
f 91/103/328 649/687/333 792/339/344 653/691/341
f 649/687/333 96/108/332 655/693/345 792/339/344
f 792/339/344 655/693/345 97/109/346 656/694/347
f 653/691/341 792/339/344 656/694/347 102/114/342
f 82/94/41 657/695/348 793/340/349 659/697/350
f 657/695/348 92/104/351 658/696/352 793/340/349
f 793/340/349 658/696/352 95/107/318 641/679/317
f 659/697/350 793/340/349 641/679/317 94/106/316
f 92/104/351 660/698/353 794/341/354 658/696/352
f 660/698/353 93/105/355 661/699/356 794/341/354
f 794/341/354 661/699/356 96/108/332 648/686/331
f 658/696/352 794/341/354 648/686/331 95/107/318
f 97/109/346 655/693/345 795/342/357 656/694/347
f 96/108/332 661/699/356 795/342/357 655/693/345
f 93/105/355 662/700/358 795/342/357 661/699/356
f 101/113/359 663/701/360 795/342/357 662/700/358
f 102/114/342 656/694/347 795/342/357 663/701/360
f 99/111/361 664/702/362 796/343/363 666/704/364
f 664/702/362 83/95/34 665/703/365 796/343/363
f 796/343/363 665/703/365 98/110/334 652/690/337
f 666/704/364 796/343/363 652/690/337 100/112/339
f 102/114/342 663/701/360 797/344/366 654/692/343
f 663/701/360 101/113/359 667/705/367 797/344/366
f 797/344/366 667/705/367 99/111/361 666/704/364
f 654/692/343 797/344/366 666/704/364 100/112/339
f 103/115/368 668/706/369 798/345/370 671/709/371
f 668/706/369 106/118/372 669/707/373 798/345/370
f 798/345/370 669/707/373 111/123/374 670/708/375
f 671/709/371 798/345/370 670/708/375 110/122/376
f 106/118/372 672/710/377 799/346/378 669/707/373
f 672/710/377 107/119/379 673/711/380 799/346/378
f 799/346/378 673/711/380 112/124/381 674/712/382
f 669/707/373 799/346/378 674/712/382 111/123/374
f 107/119/379 675/713/383 800/347/384 673/711/380
f 675/713/383 108/120/385 676/714/386 800/347/384
f 800/347/384 676/714/386 113/125/387 677/715/388
f 673/711/380 800/347/384 677/715/388 112/124/381
f 108/120/385 678/716/389 801/348/390 676/714/386
f 678/716/389 109/121/391 679/717/392 801/348/390
f 801/348/390 679/717/392 114/126/393 680/718/394
f 676/714/386 801/348/390 680/718/394 113/125/387
f 109/121/391 681/719/395 802/349/396 679/717/392
f 681/719/395 125/140/397 682/720/398 802/349/396
f 802/349/396 682/720/398 126/141/399 683/721/400
f 679/717/392 802/349/396 683/721/400 114/126/393
f 110/122/376 670/708/375 803/350/401 686/724/402
f 670/708/375 111/123/374 684/722/403 803/350/401
f 803/350/401 684/722/403 116/128/404 685/723/405
f 686/724/402 803/350/401 685/723/405 115/127/406
f 111/123/374 674/712/382 804/351/407 684/722/403
f 674/712/382 112/124/381 687/725/408 804/351/407
f 804/351/407 687/725/408 117/129/409 688/726/410
f 684/722/403 804/351/407 688/726/410 116/128/404
f 112/124/381 677/715/388 805/352/411 687/725/408
f 677/715/388 113/125/387 689/727/412 805/352/411
f 805/352/411 689/727/412 118/130/413 690/728/414
f 687/725/408 805/352/411 690/728/414 117/129/409
f 113/125/387 680/718/394 806/353/415 689/727/412
f 680/718/394 114/126/393 691/729/416 806/353/415
f 806/353/415 691/729/416 119/131/417 692/730/418
f 689/727/412 806/353/415 692/730/418 118/130/413
f 114/126/393 683/721/400 807/354/419 691/729/416
f 126/141/399 693/731/420 807/354/419 683/721/400
f 127/142/421 694/732/422 807/354/419 693/731/420
f 128/143/423 695/733/424 807/354/419 694/732/422
f 119/131/417 691/729/416 807/354/419 695/733/424
f 104/116/18 696/734/425 808/355/426 699/738/427
f 696/734/425 120/132/428 697/735/429 808/355/426
f 808/355/426 697/735/429 123/136/430 698/736/431
f 699/738/427 808/355/426 698/736/431 122/134/432
f 123/136/430 697/735/429 809/356/433 702/741/434
f 697/735/429 120/132/428 700/739/435 809/356/433
f 809/356/433 700/739/435 121/133/436 701/740/437
f 702/741/434 809/356/433 701/740/437 124/138/438
f 121/133/436 703/743/439 810/357/440 701/740/437
f 703/743/439 140/159/441 704/744/442 810/357/440
f 810/357/440 704/744/442 141/160/443 705/745/444
f 701/740/437 810/357/440 705/745/444 124/138/438
f 122/135/432 698/737/431 811/358/445 707/748/446
f 698/737/431 123/137/430 706/747/447 811/358/445
f 811/358/445 706/747/447 126/141/399 682/720/398
f 707/748/446 811/358/445 682/720/398 125/140/397
f 127/142/421 693/731/420 812/359/448 694/732/422
f 126/141/399 706/747/447 812/359/448 693/731/420
f 123/137/430 702/742/434 812/359/448 706/747/447
f 124/139/438 708/749/449 812/359/448 702/742/434
f 128/143/423 694/732/422 812/359/448 708/749/449
f 124/139/438 705/746/444 813/360/450 708/749/449
f 705/746/444 141/161/443 709/750/451 813/360/450
f 813/360/450 709/750/451 142/162/452 710/751/453
f 708/749/449 813/360/450 710/751/453 128/143/423
f 105/117/1 711/752/454 814/361/455 714/756/456
f 711/752/454 129/144/457 712/753/458 814/361/455
f 814/361/455 712/753/458 132/148/459 713/755/460
f 714/756/456 814/361/455 713/755/460 131/147/461
f 132/149/459 712/754/458 815/362/462 717/759/463
f 712/754/458 129/145/457 715/757/464 815/362/462
f 815/362/462 715/757/464 130/146/465 716/758/466
f 717/759/463 815/362/462 716/758/466 133/150/467
f 130/146/465 718/760/468 816/363/469 716/758/466
f 718/760/468 115/127/406 685/723/405 816/363/469
f 816/363/469 685/723/405 116/128/404 719/761/470
f 716/758/466 816/363/469 719/761/470 133/150/467
f 131/147/461 713/755/460 817/364/471 722/765/472
f 713/755/460 132/148/459 720/762/473 817/364/471
f 817/364/471 720/762/473 135/152/474 721/764/475
f 722/765/472 817/364/471 721/764/475 134/151/476
f 135/153/474 720/763/473 818/365/477 724/767/478
f 720/763/473 132/149/459 717/759/463 818/365/477
f 818/365/477 717/759/463 133/150/467 723/766/479
f 724/767/478 818/365/477 723/766/479 136/154/480
f 133/150/467 719/761/470 819/366/481 723/766/479
f 719/761/470 116/128/404 688/726/410 819/366/481
f 819/366/481 688/726/410 117/129/409 725/768/482
f 723/766/479 819/366/481 725/768/482 136/154/480
f 134/151/476 721/764/475 820/367/483 247/772/484
f 721/764/475 135/152/474 726/769/485 820/367/483
f 820/367/483 726/769/485 138/156/486 246/771/487
f 247/772/484 820/367/483 246/771/487 137/155/488
f 138/157/486 726/770/485 821/368/489 249/774/490
f 726/770/485 135/153/474 724/767/478 821/368/489
f 821/368/489 724/767/478 136/154/480 248/773/491
f 249/774/490 821/368/489 248/773/491 139/158/492
f 136/154/480 725/768/482 822/369/493 248/773/491
f 725/768/482 117/129/409 690/728/414 822/369/493
f 822/369/493 690/728/414 118/130/413 250/775/494
f 248/773/491 822/369/493 250/775/494 139/158/492
f 137/155/488 246/771/487 823/370/495 252/778/496
f 246/771/487 138/156/486 251/776/497 823/370/495
f 823/370/495 251/776/497 141/160/443 704/744/442
f 252/778/496 823/370/495 704/744/442 140/159/441
f 142/162/452 709/750/451 824/371/498 253/779/499
f 709/750/451 141/161/443 251/777/497 824/371/498
f 824/371/498 251/777/497 138/157/486 249/774/490
f 253/779/499 824/371/498 249/774/490 139/158/492
f 139/158/492 250/775/494 825/372/500 253/779/499
f 250/775/494 118/130/413 692/730/418 825/372/500
f 825/372/500 692/730/418 119/131/417 254/780/501
f 253/779/499 825/372/500 254/780/501 142/162/452
f 119/131/417 695/733/424 826/373/502 254/780/501
f 128/143/423 710/751/453 826/373/502 695/733/424
f 142/162/452 254/780/501 826/373/502 710/751/453
f 143/163/27 255/781/503 827/374/504 258/784/505
f 255/781/503 146/166/506 256/782/507 827/374/504
f 827/374/504 256/782/507 149/169/508 257/783/509
f 258/784/505 827/374/504 257/783/509 148/168/510
f 149/169/508 256/782/507 828/375/511 261/787/512
f 256/782/507 146/166/506 259/785/513 828/375/511
f 828/375/511 259/785/513 147/167/514 260/786/515
f 261/787/512 828/375/511 260/786/515 150/170/516
f 147/167/514 262/788/517 829/376/518 260/786/515
f 262/788/517 164/184/519 263/789/520 829/376/518
f 829/376/518 263/789/520 165/185/521 264/790/522
f 260/786/515 829/376/518 264/790/522 150/170/516
f 148/168/510 257/783/509 830/377/523 267/793/524
f 257/783/509 149/169/508 265/791/525 830/377/523
f 830/377/523 265/791/525 152/172/526 266/792/527
f 267/793/524 830/377/523 266/792/527 151/171/528
f 152/172/526 265/791/525 831/378/529 269/795/530
f 265/791/525 149/169/508 261/787/512 831/378/529
f 831/378/529 261/787/512 150/170/516 268/794/531
f 269/795/530 831/378/529 268/794/531 153/173/532
f 150/170/516 264/790/522 832/379/533 268/794/531
f 264/790/522 165/185/521 270/796/534 832/379/533
f 832/379/533 270/796/534 166/186/535 271/797/536
f 268/794/531 832/379/533 271/797/536 153/173/532
f 151/171/528 266/792/527 833/380/537 274/800/538
f 266/792/527 152/172/526 272/798/539 833/380/537
f 833/380/537 272/798/539 155/175/540 273/799/541
f 274/800/538 833/380/537 273/799/541 154/174/542
f 155/175/540 272/798/539 834/381/543 276/802/544
f 272/798/539 152/172/526 269/795/530 834/381/543
f 834/381/543 269/795/530 153/173/532 275/801/545
f 276/802/544 834/381/543 275/801/545 156/176/546
f 153/173/532 271/797/536 835/382/547 275/801/545
f 271/797/536 166/186/535 277/803/548 835/382/547
f 835/382/547 277/803/548 167/187/549 278/804/550
f 275/801/545 835/382/547 278/804/550 156/176/546
f 154/174/542 273/799/541 836/383/551 281/807/552
f 273/799/541 155/175/540 279/805/553 836/383/551
f 836/383/551 279/805/553 158/178/554 280/806/555
f 281/807/552 836/383/551 280/806/555 157/177/556
f 158/178/554 279/805/553 837/384/557 283/809/558
f 279/805/553 155/175/540 276/802/544 837/384/557
f 837/384/557 276/802/544 156/176/546 282/808/559
f 283/809/558 837/384/557 282/808/559 159/179/560
f 156/176/546 278/804/550 838/385/561 282/808/559
f 278/804/550 167/187/549 284/810/562 838/385/561
f 838/385/561 284/810/562 168/188/563 285/811/564
f 282/808/559 838/385/561 285/811/564 159/179/560
f 144/164/5 286/812/565 839/386/566 288/814/567
f 286/812/565 160/180/568 287/813/569 839/386/566
f 839/386/566 287/813/569 165/185/521 263/789/520
f 288/814/567 839/386/566 263/789/520 164/184/519
f 160/180/568 289/815/570 840/387/571 287/813/569
f 289/815/570 161/181/572 290/816/573 840/387/571
f 840/387/571 290/816/573 166/186/535 270/796/534
f 287/813/569 840/387/571 270/796/534 165/185/521
f 161/181/572 291/817/574 841/388/575 290/816/573
f 291/817/574 162/182/576 292/818/577 841/388/575
f 841/388/575 292/818/577 167/187/549 277/803/548
f 290/816/573 841/388/575 277/803/548 166/186/535
f 162/182/576 293/819/578 842/389/579 292/818/577
f 293/819/578 163/183/580 294/820/581 842/389/579
f 842/389/579 294/820/581 168/188/563 284/810/562
f 292/818/577 842/389/579 284/810/562 167/187/549
f 163/183/580 295/821/582 843/390/583 294/820/581
f 172/192/584 296/822/585 843/390/583 295/821/582
f 173/193/586 297/823/587 843/390/583 296/822/585
f 174/194/588 298/824/589 843/390/583 297/823/587
f 168/188/563 294/820/581 843/390/583 298/824/589
f 170/190/590 299/825/591 844/391/592 302/828/593
f 299/825/591 145/165/16 300/826/594 844/391/592
f 844/391/592 300/826/594 169/189/595 301/827/596
f 302/828/593 844/391/592 301/827/596 171/191/597
f 169/189/595 303/829/598 845/392/599 301/827/596
f 303/829/598 157/177/556 280/806/555 845/392/599
f 845/392/599 280/806/555 158/178/554 304/830/600
f 301/827/596 845/392/599 304/830/600 171/191/597
f 174/194/588 297/823/587 846/393/601 306/832/602
f 173/193/586 296/822/585 846/393/601 297/823/587
f 172/192/584 305/831/603 846/393/601 296/822/585
f 170/190/590 302/828/593 846/393/601 305/831/603
f 171/191/597 306/832/602 846/393/601 302/828/593
f 171/191/597 304/830/600 847/394/604 306/832/602
f 304/830/600 158/178/554 283/809/558 847/394/604
f 847/394/604 283/809/558 159/179/560 307/833/605
f 306/832/602 847/394/604 307/833/605 174/194/588
f 159/179/560 285/811/564 848/395/606 307/833/605
f 168/188/563 298/824/589 848/395/606 285/811/564
f 174/194/588 307/833/605 848/395/606 298/824/589
f 180/200/607 308/834/608 849/396/609 311/837/610
f 308/834/608 175/195/611 309/835/612 849/396/609
f 849/396/609 309/835/612 178/198/613 310/836/614
f 311/837/610 849/396/609 310/836/614 181/201/615
f 178/198/613 312/838/616 850/397/617 310/836/614
f 312/838/616 179/199/618 313/839/619 850/397/617
f 850/397/617 313/839/619 182/202/620 314/840/621
f 310/836/614 850/397/617 314/840/621 181/201/615
f 179/199/618 315/841/622 851/398/623 313/839/619
f 315/841/622 201/226/624 316/842/625 851/398/623
f 851/398/623 316/842/625 202/227/626 317/843/627
f 313/839/619 851/398/623 317/843/627 182/202/620
f 183/203/628 318/844/629 852/399/630 320/846/631
f 318/844/629 180/200/607 311/837/610 852/399/630
f 852/399/630 311/837/610 181/201/615 319/845/632
f 320/846/631 852/399/630 319/845/632 184/204/633
f 181/201/615 314/840/621 853/400/634 319/845/632
f 314/840/621 182/202/620 321/847/635 853/400/634
f 853/400/634 321/847/635 185/205/636 322/848/637
f 319/845/632 853/400/634 322/848/637 184/204/633
f 182/202/620 317/843/627 854/401/638 321/847/635
f 317/843/627 202/227/626 323/849/639 854/401/638
f 854/401/638 323/849/639 203/228/640 324/850/641
f 321/847/635 854/401/638 324/850/641 185/205/636
f 186/206/642 325/851/643 855/402/644 327/853/645
f 325/851/643 183/203/628 320/846/631 855/402/644
f 855/402/644 320/846/631 184/204/633 326/852/646
f 327/853/645 855/402/644 326/852/646 187/207/647
f 184/204/633 322/848/637 856/403/648 326/852/646
f 322/848/637 185/205/636 328/854/649 856/403/648
f 856/403/648 328/854/649 188/208/650 329/855/651
f 326/852/646 856/403/648 329/855/651 187/207/647
f 185/205/636 324/850/641 857/404/652 328/854/649
f 324/850/641 203/228/640 330/856/653 857/404/652
f 857/404/652 330/856/653 204/229/654 331/857/655
f 328/854/649 857/404/652 331/857/655 188/208/650
f 189/209/656 332/858/657 858/405/658 334/860/659
f 332/858/657 186/206/642 327/853/645 858/405/658
f 858/405/658 327/853/645 187/207/647 333/859/660
f 334/860/659 858/405/658 333/859/660 190/210/661
f 187/207/647 329/855/651 859/406/662 333/859/660
f 329/855/651 188/208/650 335/861/663 859/406/662
f 859/406/662 335/861/663 191/211/664 336/862/665
f 333/859/660 859/406/662 336/862/665 190/210/661
f 188/208/650 331/857/655 860/407/666 335/861/663
f 331/857/655 204/229/654 337/863/667 860/407/666
f 860/407/666 337/863/667 205/230/668 338/864/669
f 335/861/663 860/407/666 338/864/669 191/211/664
f 176/196/45 339/865/670 861/408/671 342/869/672
f 339/865/670 192/212/673 340/866/674 861/408/671
f 861/408/671 340/866/674 197/218/675 341/867/676
f 342/869/672 861/408/671 341/867/676 196/216/677
f 192/212/673 343/870/678 862/409/679 340/866/674
f 343/870/678 193/213/680 344/871/681 862/409/679
f 862/409/679 344/871/681 198/220/682 345/872/683
f 340/866/674 862/409/679 345/872/683 197/218/675
f 193/213/680 346/874/684 863/410/685 344/871/681
f 346/874/684 194/214/686 347/875/687 863/410/685
f 863/410/685 347/875/687 199/222/688 348/876/689
f 344/871/681 863/410/685 348/876/689 198/220/682
f 194/214/686 349/878/690 864/411/691 347/875/687
f 349/878/690 195/215/692 350/879/693 864/411/691
f 864/411/691 350/879/693 200/224/694 351/880/695
f 347/875/687 864/411/691 351/880/695 199/222/688
f 195/215/692 352/882/696 865/412/697 350/879/693
f 352/882/696 211/238/698 353/883/699 865/412/697
f 865/412/697 353/883/699 212/239/700 354/884/701
f 350/879/693 865/412/697 354/884/701 200/224/694
f 196/217/677 341/868/676 866/413/702 356/887/703
f 341/868/676 197/219/675 355/886/704 866/413/702
f 866/413/702 355/886/704 202/227/626 316/842/625
f 356/887/703 866/413/702 316/842/625 201/226/624
f 197/219/675 345/873/683 867/414/705 355/886/704
f 345/873/683 198/221/682 357/888/706 867/414/705
f 867/414/705 357/888/706 203/228/640 323/849/639
f 355/886/704 867/414/705 323/849/639 202/227/626
f 198/221/682 348/877/689 868/415/707 357/888/706
f 348/877/689 199/223/688 358/889/708 868/415/707
f 868/415/707 358/889/708 204/229/654 330/856/653
f 357/888/706 868/415/707 330/856/653 203/228/640
f 199/223/688 351/881/695 869/416/709 358/889/708
f 351/881/695 200/225/694 359/890/710 869/416/709
f 869/416/709 359/890/710 205/230/668 337/863/667
f 358/889/708 869/416/709 337/863/667 204/229/654
f 200/225/694 354/885/701 870/417/711 359/890/710
f 354/885/701 212/240/700 360/891/712 870/417/711
f 870/417/711 360/891/712 213/241/713 361/892/714
f 359/890/710 870/417/711 361/892/714 205/230/668
f 177/197/10 362/893/715 871/418/716 365/897/717
f 362/893/715 206/231/718 363/894/719 871/418/716
f 871/418/716 363/894/719 209/235/720 364/896/721
f 365/897/717 871/418/716 364/896/721 208/234/722
f 209/236/720 363/895/719 872/419/723 368/900/724
f 363/895/719 206/232/718 366/898/725 872/419/723
f 872/419/723 366/898/725 207/233/726 367/899/727
f 368/900/724 872/419/723 367/899/727 210/237/728
f 207/233/726 369/901/729 873/420/730 367/899/727
f 369/901/729 189/209/656 334/860/659 873/420/730
f 873/420/730 334/860/659 190/210/661 370/902/731
f 367/899/727 873/420/730 370/902/731 210/237/728
f 208/234/722 364/896/721 874/421/732 372/905/733
f 364/896/721 209/235/720 371/903/734 874/421/732
f 874/421/732 371/903/734 212/239/700 353/883/699
f 372/905/733 874/421/732 353/883/699 211/238/698
f 213/241/713 360/891/712 875/422/735 373/906/736
f 360/891/712 212/240/700 371/904/734 875/422/735
f 875/422/735 371/904/734 209/236/720 368/900/724
f 373/906/736 875/422/735 368/900/724 210/237/728
f 210/237/728 370/902/731 876/423/737 373/906/736
f 370/902/731 190/210/661 336/862/665 876/423/737
f 876/423/737 336/862/665 191/211/664 374/907/738
f 373/906/736 876/423/737 374/907/738 213/241/713
f 191/211/664 338/864/669 877/424/739 374/907/738
f 205/230/668 361/892/714 877/424/739 338/864/669
f 213/241/713 374/907/738 877/424/739 361/892/714
f 214/242/19 375/908/740 878/425/741 378/911/742
f 375/908/740 217/245/743 376/909/744 878/425/741
f 878/425/741 376/909/744 222/250/745 377/910/746
f 378/911/742 878/425/741 377/910/746 221/249/747
f 217/245/743 379/912/748 879/426/749 376/909/744
f 379/912/748 218/246/750 380/913/751 879/426/749
f 879/426/749 380/913/751 223/251/752 381/914/753
f 376/909/744 879/426/749 381/914/753 222/250/745
f 218/246/750 382/915/754 880/427/755 380/913/751
f 382/915/754 219/247/756 383/916/757 880/427/755
f 880/427/755 383/916/757 224/252/758 384/917/759
f 380/913/751 880/427/755 384/917/759 223/251/752
f 219/247/756 385/918/760 881/428/761 383/916/757
f 385/918/760 220/248/762 386/919/763 881/428/761
f 881/428/761 386/919/763 225/253/764 387/920/765
f 383/916/757 881/428/761 387/920/765 224/252/758
f 220/248/762 388/921/766 882/429/767 386/919/763
f 233/261/768 389/922/769 882/429/767 388/921/766
f 234/262/770 390/923/771 882/429/767 389/922/769
f 235/263/772 391/924/773 882/429/767 390/923/771
f 225/253/764 386/919/763 882/429/767 391/924/773
f 221/249/747 377/910/746 883/430/774 394/927/775
f 377/910/746 222/250/745 392/925/776 883/430/774
f 883/430/774 392/925/776 227/255/777 393/926/778
f 394/927/775 883/430/774 393/926/778 226/254/779
f 222/250/745 381/914/753 884/431/780 392/925/776
f 381/914/753 223/251/752 395/928/781 884/431/780
f 884/431/780 395/928/781 228/256/782 396/929/783
f 392/925/776 884/431/780 396/929/783 227/255/777
f 223/251/752 384/917/759 885/432/784 395/928/781
f 384/917/759 224/252/758 397/930/785 885/432/784
f 885/432/784 397/930/785 229/257/786 398/931/787
f 395/928/781 885/432/784 398/931/787 228/256/782
f 224/252/758 387/920/765 886/433/788 397/930/785
f 387/920/765 225/253/764 399/932/789 886/433/788
f 886/433/788 399/932/789 230/258/790 400/933/791
f 397/930/785 886/433/788 400/933/791 229/257/786
f 225/253/764 391/924/773 887/434/792 399/932/789
f 391/924/773 235/263/772 401/934/793 887/434/792
f 887/434/792 401/934/793 236/264/794 402/935/795
f 399/932/789 887/434/792 402/935/795 230/258/790
f 234/262/770 389/922/769 888/435/796 390/923/771
f 233/261/768 403/936/797 888/435/796 389/922/769
f 215/243/14 404/937/798 888/435/796 403/936/797
f 231/259/799 405/938/800 888/435/796 404/937/798
f 235/263/772 390/923/771 888/435/796 405/938/800
f 231/259/799 406/939/801 889/436/802 405/938/800
f 406/939/801 232/260/803 407/940/804 889/436/802
f 889/436/802 407/940/804 236/264/794 401/934/793
f 405/938/800 889/436/802 401/934/793 235/263/772
f 232/260/803 408/941/805 890/437/806 407/940/804
f 408/941/805 244/272/807 409/942/808 890/437/806
f 890/437/806 409/942/808 245/273/809 410/943/810
f 407/940/804 890/437/806 410/943/810 236/264/794
f 238/266/811 411/944/812 891/438/813 414/947/814
f 411/944/812 216/244/43 412/945/815 891/438/813
f 891/438/813 412/945/815 237/265/816 413/946/817
f 414/947/814 891/438/813 413/946/817 239/267/818
f 237/265/816 415/948/819 892/439/820 413/946/817
f 415/948/819 226/254/779 393/926/778 892/439/820
f 892/439/820 393/926/778 227/255/777 416/949/821
f 413/946/817 892/439/820 416/949/821 239/267/818
f 240/268/822 417/950/823 893/440/824 419/952/825
f 417/950/823 238/266/811 414/947/814 893/440/824
f 893/440/824 414/947/814 239/267/818 418/951/826
f 419/952/825 893/440/824 418/951/826 241/269/827
f 239/267/818 416/949/821 894/441/828 418/951/826
f 416/949/821 227/255/777 396/929/783 894/441/828
f 894/441/828 396/929/783 228/256/782 420/953/829
f 418/951/826 894/441/828 420/953/829 241/269/827
f 242/270/830 421/954/831 895/442/832 423/956/833
f 421/954/831 240/268/822 419/952/825 895/442/832
f 895/442/832 419/952/825 241/269/827 422/955/834
f 423/956/833 895/442/832 422/955/834 243/271/835
f 241/269/827 420/953/829 896/443/836 422/955/834
f 420/953/829 228/256/782 398/931/787 896/443/836
f 896/443/836 398/931/787 229/257/786 424/957/837
f 422/955/834 896/443/836 424/957/837 243/271/835
f 245/273/809 409/942/808 897/444/838 426/959/839
f 409/942/808 244/272/807 425/958/840 897/444/838
f 897/444/838 425/958/840 242/270/830 423/956/833
f 426/959/839 897/444/838 423/956/833 243/271/835
f 243/271/835 424/957/837 898/445/841 426/959/839
f 424/957/837 229/257/786 400/933/791 898/445/841
f 898/445/841 400/933/791 230/258/790 427/960/842
f 426/959/839 898/445/841 427/960/842 245/273/809
f 230/258/790 402/935/795 899/446/843 427/960/842
f 236/264/794 410/943/810 899/446/843 402/935/795
f 245/273/809 427/960/842 899/446/843 410/943/810
f 53/59/209 428/961/844 900/447/845 587/620/210
f 428/961/844 1/1/46 507/535/49 900/447/845
f 900/447/845 507/535/49 6/6/54 429/962/846
f 587/620/210 900/447/845 429/962/846 56/62/213
f 56/62/213 429/962/846 901/448/847 591/624/218
f 429/962/846 6/6/54 516/544/68 901/448/847
f 901/448/847 516/544/68 9/9/72 430/963/848
f 591/624/218 901/448/847 430/963/848 57/63/220
f 69/78/227 594/627/226 902/449/849 431/964/850
f 594/627/226 57/63/220 430/963/848 902/449/849
f 902/449/849 430/963/848 9/9/72 523/551/82
f 431/964/850 902/449/849 523/551/82 22/26/86
f 66/73/246 612/647/261 903/450/851 432/965/852
f 612/647/261 69/78/227 431/964/850 903/450/851
f 903/450/851 431/964/850 22/26/86 547/579/134
f 432/965/852 903/450/851 547/579/134 21/25/127
f 66/72/246 432/966/852 904/451/853 605/638/247
f 432/966/852 21/24/127 543/574/124 904/451/853
f 904/451/853 543/574/124 3/3/28 499/527/31
f 605/638/247 904/451/853 499/527/31 54/60/36
f 2/2/9 486/514/8 905/452/854 528/556/95
f 486/514/8 30/36/7 551/584/140 905/452/854
f 905/452/854 551/584/140 34/40/139 433/967/855
f 528/556/95 905/452/854 433/967/855 12/12/98
f 12/12/98 433/967/855 906/453/856 532/561/103
f 433/967/855 34/40/139 558/591/154 906/453/856
f 906/453/856 558/591/154 36/42/153 434/968/857
f 532/561/103 906/453/856 434/968/857 13/13/105
f 26/31/112 535/565/111 907/454/858 435/969/859
f 535/565/111 13/13/105 434/968/857 907/454/858
f 907/454/858 434/968/857 36/42/153 563/596/164
f 435/969/859 907/454/858 563/596/164 48/54/163
f 23/27/131 550/583/136 908/455/860 436/970/861
f 550/583/136 26/31/112 435/969/859 908/455/860
f 908/455/860 435/969/859 48/54/163 586/619/208
f 436/970/861 908/455/860 586/619/208 47/53/205
f 23/27/131 436/970/861 909/456/862 546/578/126
f 436/970/861 47/53/205 583/616/202 909/456/862
f 909/456/862 583/616/202 32/38/32 496/524/29
f 546/578/126 909/456/862 496/524/29 3/3/28
f 31/37/25 493/521/24 910/457/863 568/601/173
f 493/521/24 81/93/23 633/671/301 910/457/863
f 910/457/863 633/671/301 86/98/300 437/971/864
f 568/601/173 910/457/863 437/971/864 38/44/176
f 38/44/176 437/971/864 911/458/865 572/605/181
f 437/971/864 86/98/300 643/681/321 911/458/865
f 911/458/865 643/681/321 89/101/320 438/972/866
f 572/605/181 911/458/865 438/972/866 39/45/183
f 49/55/190 575/608/189 912/459/867 439/973/868
f 575/608/189 39/45/183 438/972/866 912/459/867
f 912/459/867 438/972/866 89/101/320 650/688/335
f 439/973/868 912/459/867 650/688/335 98/110/334
f 32/38/32 585/618/204 913/460/869 497/525/33
f 585/618/204 49/55/190 439/973/868 913/460/869
f 913/460/869 439/973/868 98/110/334 665/703/365
f 497/525/33 913/460/869 665/703/365 83/95/34
f 82/94/41 500/528/38 914/461/870 657/695/348
f 500/528/38 55/61/37 618/654/267 914/461/870
f 914/461/870 618/654/267 75/85/272 440/974/871
f 657/695/348 914/461/870 440/974/871 92/104/351
f 92/104/351 440/974/871 915/462/872 660/698/353
f 440/974/871 75/85/272 626/663/283 915/462/872
f 915/462/872 626/663/283 78/89/287 441/975/873
f 660/698/353 915/462/872 441/975/873 93/105/355
f 101/113/359 662/700/358 916/463/874 442/976/875
f 662/700/358 93/105/355 441/975/873 916/463/874
f 916/463/874 441/975/873 78/89/287 631/669/295
f 442/976/875 916/463/874 631/669/295 65/71/256
f 101/113/359 442/976/875 917/464/876 667/705/367
f 442/976/875 65/71/256 609/643/254 917/464/876
f 917/464/876 609/643/254 64/70/251 443/977/877
f 667/705/367 917/464/876 443/977/877 99/111/361
f 83/95/34 664/702/362 918/465/878 498/526/35
f 664/702/362 99/111/361 443/977/877 918/465/878
f 918/465/878 443/977/877 64/70/251 606/639/250
f 498/526/35 918/465/878 606/639/250 54/60/36
f 178/198/613 309/835/612 919/466/879 445/979/880
f 309/835/612 175/195/611 444/978/881 919/466/879
f 919/466/879 444/978/881 53/59/209 590/623/212
f 445/979/880 919/466/879 590/623/212 58/64/217
f 178/198/613 445/979/880 920/467/882 312/838/616
f 445/979/880 58/64/217 600/633/233 920/467/882
f 920/467/882 600/633/233 61/67/237 446/980/883
f 312/838/616 920/467/882 446/980/883 179/199/618
f 179/199/618 446/980/883 921/468/884 315/841/622
f 446/980/883 61/67/237 622/658/279 921/468/884
f 921/468/884 622/658/279 74/84/276 447/981/885
f 315/841/622 921/468/884 447/981/885 201/226/624
f 196/217/677 356/887/703 922/469/886 448/982/887
f 356/887/703 201/226/624 447/981/885 922/469/886
f 922/469/886 447/981/885 74/84/276 619/655/275
f 448/982/887 922/469/886 619/655/275 73/83/268
f 196/216/677 448/983/887 923/470/888 342/869/672
f 448/983/887 73/82/268 615/650/265 923/470/888
f 923/470/888 615/650/265 55/61/37 503/531/40
f 342/869/672 923/470/888 503/531/40 176/196/45
f 84/96/305 634/672/304 924/471/889 449/984/890
f 634/672/304 81/93/23 492/520/20 924/471/889
f 924/471/889 492/520/20 214/242/19 378/911/742
f 449/984/890 924/471/889 378/911/742 221/249/747
f 84/96/305 449/984/890 925/472/891 637/675/308
f 449/984/890 221/249/747 394/927/775 925/472/891
f 925/472/891 394/927/775 226/254/779 450/985/892
f 637/675/308 925/472/891 450/985/892 85/97/310
f 85/97/310 450/985/892 926/473/893 640/678/314
f 450/985/892 226/254/779 415/948/819 926/473/893
f 926/473/893 415/948/819 237/265/816 451/986/894
f 640/678/314 926/473/893 451/986/894 94/106/316
f 82/94/41 659/697/350 927/474/895 501/529/42
f 659/697/350 94/106/316 451/986/894 927/474/895
f 927/474/895 451/986/894 237/265/816 412/945/815
f 501/529/42 927/474/895 412/945/815 216/244/43
f 231/259/799 404/937/798 928/475/896 452/987/897
f 404/937/798 215/243/14 488/516/11 928/475/896
f 928/475/896 488/516/11 177/197/10 365/897/717
f 452/987/897 928/475/896 365/897/717 208/234/722
f 231/259/799 452/987/897 929/476/898 406/939/801
f 452/987/897 208/234/722 372/905/733 929/476/898
f 929/476/898 372/905/733 211/238/698 453/988/899
f 406/939/801 929/476/898 453/988/899 232/260/803
f 232/260/803 453/988/899 930/477/900 408/941/805
f 453/988/899 211/238/698 352/882/696 930/477/900
f 930/477/900 352/882/696 195/215/692 454/989/901
f 408/941/805 930/477/900 454/989/901 244/272/807
f 244/272/807 454/989/901 931/478/902 425/958/840
f 454/989/901 195/215/692 349/878/690 931/478/902
f 931/478/902 349/878/690 194/214/686 455/990/903
f 425/958/840 931/478/902 455/990/903 242/270/830
f 242/270/830 455/990/903 932/479/904 421/954/831
f 455/990/903 194/214/686 346/874/684 932/479/904
f 932/479/904 346/874/684 193/213/680 456/991/905
f 421/954/831 932/479/904 456/991/905 240/268/822
f 240/268/822 456/991/905 933/480/906 417/950/823
f 456/991/905 193/213/680 343/870/678 933/480/906
f 933/480/906 343/870/678 192/212/673 457/992/907
f 417/950/823 933/480/906 457/992/907 238/266/811
f 238/266/811 457/992/907 934/481/908 411/944/812
f 457/992/907 192/212/673 339/865/670 934/481/908
f 934/481/908 339/865/670 176/196/45 502/530/44
f 411/944/812 934/481/908 502/530/44 216/244/43
f 103/115/368 458/993/909 935/482/910 668/706/369
f 458/993/909 175/195/611 308/834/608 935/482/910
f 935/482/910 308/834/608 180/200/607 459/994/911
f 668/706/369 935/482/910 459/994/911 106/118/372
f 106/118/372 459/994/911 936/483/912 672/710/377
f 459/994/911 180/200/607 318/844/629 936/483/912
f 936/483/912 318/844/629 183/203/628 460/995/913
f 672/710/377 936/483/912 460/995/913 107/119/379
f 107/119/379 460/995/913 937/484/914 675/713/383
f 460/995/913 183/203/628 325/851/643 937/484/914
f 937/484/914 325/851/643 186/206/642 461/996/915
f 675/713/383 937/484/914 461/996/915 108/120/385
f 108/120/385 461/996/915 938/485/916 678/716/389
f 461/996/915 186/206/642 332/858/657 938/485/916
f 938/485/916 332/858/657 189/209/656 462/997/917
f 678/716/389 938/485/916 462/997/917 109/121/391
f 109/121/391 462/997/917 939/486/918 681/719/395
f 462/997/917 189/209/656 369/901/729 939/486/918
f 939/486/918 369/901/729 207/233/726 463/998/919
f 681/719/395 939/486/918 463/998/919 125/140/397
f 122/135/432 707/748/446 940/487/920 464/999/921
f 707/748/446 125/140/397 463/998/919 940/487/920
f 940/487/920 463/998/919 207/233/726 366/898/725
f 464/999/921 940/487/920 366/898/725 206/232/718
f 122/134/432 464/1000/921 941/488/922 699/738/427
f 464/1000/921 206/231/718 362/893/715 941/488/922
f 941/488/922 362/893/715 177/197/10 491/519/13
f 699/738/427 941/488/922 491/519/13 104/116/18
f 214/242/19 495/523/22 942/489/923 375/908/740
f 495/523/22 143/163/27 258/784/505 942/489/923
f 942/489/923 258/784/505 148/168/510 465/1001/924
f 375/908/740 942/489/923 465/1001/924 217/245/743
f 217/245/743 465/1001/924 943/490/925 379/912/748
f 465/1001/924 148/168/510 267/793/524 943/490/925
f 943/490/925 267/793/524 151/171/528 466/1002/926
f 379/912/748 943/490/925 466/1002/926 218/246/750
f 218/246/750 466/1002/926 944/491/927 382/915/754
f 466/1002/926 151/171/528 274/800/538 944/491/927
f 944/491/927 274/800/538 154/174/542 467/1003/928
f 382/915/754 944/491/927 467/1003/928 219/247/756
f 219/247/756 467/1003/928 945/492/929 385/918/760
f 467/1003/928 154/174/542 281/807/552 945/492/929
f 945/492/929 281/807/552 157/177/556 468/1004/930
f 385/918/760 945/492/929 468/1004/930 220/248/762
f 220/248/762 468/1004/930 946/493/931 388/921/766
f 468/1004/930 157/177/556 303/829/598 946/493/931
f 946/493/931 303/829/598 169/189/595 469/1005/932
f 388/921/766 946/493/931 469/1005/932 233/261/768
f 215/243/14 403/936/797 947/494/933 489/517/15
f 403/936/797 233/261/768 469/1005/932 947/494/933
f 947/494/933 469/1005/932 169/189/595 300/826/594
f 489/517/15 947/494/933 300/826/594 145/165/16
f 144/164/5 484/512/2 948/495/934 286/812/565
f 484/512/2 105/117/1 714/756/456 948/495/934
f 948/495/934 714/756/456 131/147/461 470/1006/935
f 286/812/565 948/495/934 470/1006/935 160/180/568
f 160/180/568 470/1006/935 949/496/936 289/815/570
f 470/1006/935 131/147/461 722/765/472 949/496/936
f 949/496/936 722/765/472 134/151/476 471/1007/937
f 289/815/570 949/496/936 471/1007/937 161/181/572
f 161/181/572 471/1007/937 950/497/938 291/817/574
f 471/1007/937 134/151/476 247/772/484 950/497/938
f 950/497/938 247/772/484 137/155/488 472/1008/939
f 291/817/574 950/497/938 472/1008/939 162/182/576
f 162/182/576 472/1008/939 951/498/940 293/819/578
f 472/1008/939 137/155/488 252/778/496 951/498/940
f 951/498/940 252/778/496 140/159/441 473/1009/941
f 293/819/578 951/498/940 473/1009/941 163/183/580
f 163/183/580 473/1009/941 952/499/942 295/821/582
f 473/1009/941 140/159/441 703/743/439 952/499/942
f 952/499/942 703/743/439 121/133/436 474/1010/943
f 295/821/582 952/499/942 474/1010/943 172/192/584
f 170/190/590 305/831/603 953/500/944 475/1011/945
f 305/831/603 172/192/584 474/1010/943 953/500/944
f 953/500/944 474/1010/943 121/133/436 700/739/435
f 475/1011/945 953/500/944 700/739/435 120/132/428
f 170/190/590 475/1011/945 954/501/946 299/825/591
f 475/1011/945 120/132/428 696/734/425 954/501/946
f 954/501/946 696/734/425 104/116/18 490/518/17
f 299/825/591 954/501/946 490/518/17 145/165/16
f 1/1/46 476/1012/947 955/502/948 504/532/47
f 476/1012/947 103/115/368 671/709/371 955/502/948
f 955/502/948 671/709/371 110/122/376 477/1013/949
f 504/532/47 955/502/948 477/1013/949 4/4/50
f 5/5/58 508/536/57 956/503/950 478/1014/951
f 508/536/57 4/4/50 477/1013/949 956/503/950
f 956/503/950 477/1013/949 110/122/376 686/724/402
f 478/1014/951 956/503/950 686/724/402 115/127/406
f 5/5/58 478/1014/951 957/504/952 511/539/61
f 478/1014/951 115/127/406 718/760/468 957/504/952
f 957/504/952 718/760/468 130/146/465 479/1015/953
f 511/539/61 957/504/952 479/1015/953 17/20/63
f 14/15/102 539/570/116 958/505/954 480/1016/955
f 539/570/116 17/20/63 479/1015/953 958/505/954
f 958/505/954 479/1015/953 130/146/465 715/757/464
f 480/1016/955 958/505/954 715/757/464 129/145/457
f 14/14/102 480/1017/955 959/506/956 531/560/97
f 480/1017/955 129/144/457 711/752/454 959/506/956
f 959/506/956 711/752/454 105/117/1 487/515/4
f 531/560/97 959/506/956 487/515/4 2/2/9
f 143/163/27 494/522/26 960/507/957 255/781/503
f 494/522/26 31/37/25 571/604/175 960/507/957
f 960/507/957 571/604/175 40/46/180 481/1018/958
f 255/781/503 960/507/957 481/1018/958 146/166/506
f 147/167/514 259/785/513 961/508/959 482/1019/960
f 259/785/513 146/166/506 481/1018/958 961/508/959
f 961/508/959 481/1018/958 40/46/180 579/612/194
f 482/1019/960 961/508/959 579/612/194 43/49/149
f 147/167/514 482/1019/960 962/509/961 262/788/517
f 482/1019/960 43/49/149 555/588/147 962/509/961
f 962/509/961 555/588/147 33/39/144 483/1020/962
f 262/788/517 962/509/961 483/1020/962 164/184/519
f 144/164/5 288/814/567 963/510/963 485/513/6
f 288/814/567 164/184/519 483/1020/962 963/510/963
f 963/510/963 483/1020/962 33/39/144 552/585/143
f 485/513/6 963/510/963 552/585/143 30/36/7
f 53/59/209 444/978/881 964/511/964 428/961/844
f 444/978/881 175/195/611 458/993/909 964/511/964
f 964/511/964 458/993/909 103/115/368 476/1012/947
f 428/961/844 964/511/964 476/1012/947 1/1/46
g default
v 1.365849 0.131200 1.271245
v 1.365849 0.261432 1.280600
v 1.356494 0.261432 1.271245
v 1.365849 1.036630 1.280600
v 1.365849 1.166863 1.271245
v 1.356494 1.036630 1.271245
v 1.365849 0.131200 1.221316
v 1.356494 0.261433 1.221316
v 1.365849 0.261432 1.211961
v 1.365849 1.166863 1.221316
v 1.365849 1.036630 1.211961
v 1.356494 1.036630 1.221316
v 1.415778 0.131200 1.271245
v 1.425133 0.261432 1.271245
v 1.415778 0.261432 1.280600
v 1.415778 1.166863 1.271245
v 1.415778 1.036630 1.280600
v 1.425133 1.036630 1.271245
v 1.415778 0.131200 1.221316
v 1.415778 0.261433 1.211961
v 1.425133 0.261432 1.221316
v 1.415778 1.166863 1.221316
v 1.425133 1.036630 1.221316
v 1.415778 1.036630 1.211961
v 2.345894 0.131200 1.271245
v 2.345894 0.261432 1.280600
v 2.355249 0.261432 1.271245
v 2.345894 1.036630 1.280600
v 2.345894 1.166863 1.271245
v 2.355249 1.036630 1.271245
v 2.345894 0.131200 1.221316
v 2.355249 0.261432 1.221316
v 2.345894 0.261433 1.211961
v 2.345894 1.166863 1.221316
v 2.345894 1.036630 1.211961
v 2.355249 1.036630 1.221316
v 2.295964 0.131200 1.271245
v 2.286610 0.261432 1.271245
v 2.295964 0.261432 1.280600
v 2.295964 1.166863 1.271245
v 2.295964 1.036630 1.280600
v 2.286610 1.036630 1.271245
v 2.295964 0.131200 1.221316
v 2.295965 0.261432 1.211961
v 2.286610 0.261433 1.221316
v 2.295964 1.166863 1.221316
v 2.286610 1.036630 1.221316
v 2.295964 1.036630 1.211961
v 1.365848 0.131200 0.688999
v 1.365848 0.261432 0.679644
v 1.356494 0.261432 0.688999
v 1.365848 1.036630 0.679644
v 1.365848 1.166863 0.688999
v 1.356494 1.036630 0.688999
v 1.365848 0.131200 0.738929
v 1.356494 0.261432 0.738929
v 1.365848 0.261432 0.748283
v 1.365848 1.166863 0.738929
v 1.365848 1.036630 0.748283
v 1.356494 1.036630 0.738929
v 1.415778 0.131200 0.688999
v 1.425133 0.261432 0.688999
v 1.415778 0.261432 0.679644
v 1.415778 1.166863 0.688999
v 1.415778 1.036630 0.679644
v 1.425133 1.036630 0.688999
v 1.415778 0.131200 0.738929
v 1.415778 0.261432 0.748284
v 1.425133 0.261432 0.738929
v 1.415778 1.166863 0.738929
v 1.425133 1.036630 0.738929
v 1.415778 1.036630 0.748283
v 2.345894 0.131200 0.688999
v 2.345894 0.261432 0.679644
v 2.355249 0.261432 0.688999
v 2.345894 1.036630 0.679644
v 2.345894 1.166863 0.688999
v 2.355249 1.036630 0.688999
v 2.345894 0.131200 0.738929
v 2.355249 0.261432 0.738929
v 2.345894 0.261432 0.748283
v 2.345894 1.166863 0.738929
v 2.345894 1.036630 0.748283
v 2.355249 1.036630 0.738929
v 2.295964 0.131200 0.688999
v 2.286610 0.261432 0.688999
v 2.295964 0.261432 0.679644
v 2.295964 1.166863 0.688999
v 2.295964 1.036630 0.679644
v 2.286610 1.036630 0.688999
v 2.295964 0.131200 0.738929
v 2.295964 0.261432 0.748283
v 2.286610 0.261432 0.738929
v 2.295964 1.166863 0.738929
v 2.286610 1.036630 0.738929
v 2.295965 1.036630 0.748283
v 2.296017 0.131722 1.212483
v 2.296017 1.166341 1.212483
v 2.287132 1.036578 1.212483
v 2.287132 1.166341 1.221368
v 2.345912 0.131026 1.246280
v 2.320929 0.131026 1.221298
v 2.295947 0.131026 1.246280
v 2.320929 0.131026 1.271263
v 1.390813 0.261415 0.679470
v 1.365831 0.649031 0.679470
v 1.390813 1.036648 0.679470
v 1.415796 0.649031 0.679470
v 1.425307 0.261415 0.713964
v 1.425307 0.649031 0.688981
v 1.425307 1.036648 0.713964
v 1.425307 0.649031 0.738946
v 1.415796 1.167037 0.713964
v 1.390813 1.167037 0.688981
v 1.365831 1.167037 0.713964
v 1.390813 1.167037 0.738946
v 1.356320 0.261415 0.713964
v 1.356320 0.649031 0.738946
v 1.356320 1.036648 0.713964
v 1.356320 0.649031 0.688981
v 1.390813 0.261415 0.748458
v 1.415796 0.649031 0.748458
v 1.390813 1.036648 0.748457
v 1.365831 0.649031 0.748458
v 1.357016 0.131722 0.689051
v 1.357016 0.261485 0.680166
v 1.365901 0.131722 0.680167
v 1.357016 1.036578 0.680166
v 1.357016 1.166340 0.689051
v 1.365901 1.166340 0.680166
v 1.365901 0.131722 0.747761
v 1.357016 0.261485 0.747761
v 1.357016 0.131722 0.738877
v 1.357016 1.166341 0.738876
v 1.357016 1.036578 0.747761
v 1.365901 1.166341 0.747761
v 1.415726 0.131722 0.680167
v 1.424611 0.261485 0.680166
v 1.424611 0.131722 0.689051
v 1.424611 1.166340 0.689051
v 1.424611 1.036578 0.680166
v 1.415726 1.166340 0.680166
v 1.424611 0.131722 0.738877
v 1.424611 0.261485 0.747761
v 1.415726 0.131722 0.747761
v 1.415726 1.166341 0.747761
v 1.424611 1.036578 0.747761
v 1.424611 1.166341 0.738876
v 1.365831 0.131026 0.713964
v 1.390813 0.131026 0.738946
v 1.415796 0.131026 0.713964
v 1.390813 0.131026 0.688981
v 2.295947 0.649031 0.679470
v 2.320929 1.036648 0.679470
v 2.345912 0.649031 0.679470
v 2.320929 0.261415 0.679470
v 2.286436 0.649031 0.738946
v 2.286436 1.036648 0.713964
v 2.286436 0.649031 0.688981
v 2.286436 0.261415 0.713964
v 2.320929 1.167037 0.738946
v 2.345912 1.167037 0.713964
v 2.320929 1.167037 0.688981
v 2.295947 1.167037 0.713964
v 2.355423 0.649031 0.688981
v 2.355423 1.036648 0.713964
v 2.355423 0.649031 0.738946
v 2.355423 0.261415 0.713964
v 2.345912 0.649031 0.748457
v 2.320929 1.036648 0.748457
v 2.295947 0.649031 0.748458
v 2.320929 0.261415 0.748458
v 2.345842 0.131722 0.680167
v 2.354727 0.261485 0.680166
v 2.354727 0.131722 0.689051
v 2.345842 1.166340 0.680166
v 2.354727 1.166340 0.689051
v 2.354727 1.036578 0.680166
v 2.354727 0.131722 0.738876
v 2.354727 0.261485 0.747761
v 2.345842 0.131722 0.747761
v 2.345842 1.166341 0.747761
v 2.354727 1.036578 0.747761
v 2.354727 1.166341 0.738876
v 2.287132 0.131722 0.689051
v 2.287132 0.261485 0.680166
v 2.296017 0.131722 0.680167
v 2.296017 1.166340 0.680166
v 2.287132 1.036578 0.680166
v 2.287132 1.166340 0.689051
v 2.296017 0.131722 0.747761
v 2.287132 0.261485 0.747761
v 2.287132 0.131722 0.738876
v 2.287132 1.166341 0.738876
v 2.287132 1.036578 0.747761
v 2.296017 1.166341 0.747761
v 2.345912 0.131026 0.713964
v 2.320929 0.131026 0.738946
v 2.295947 0.131026 0.713964
v 2.320929 0.131026 0.688981
v 1.415796 0.649031 1.280774
v 1.390813 1.036648 1.280774
v 1.365831 0.649031 1.280774
v 1.390813 0.261415 1.280774
v 1.425307 0.649031 1.221298
v 1.425307 1.036648 1.246280
v 1.425307 0.649031 1.271263
v 1.425307 0.261415 1.246280
v 1.390813 1.167037 1.221298
v 1.365831 1.167037 1.246280
v 1.390813 1.167037 1.271263
v 1.415796 1.167037 1.246280
v 1.356320 0.649031 1.271263
v 1.356320 1.036648 1.246280
v 1.356320 0.649031 1.221298
v 1.356320 0.261415 1.246280
v 1.365831 0.649031 1.211787
v 1.390813 1.036648 1.211787
v 1.415796 0.649031 1.211787
v 1.390813 0.261415 1.211787
v 1.365901 0.131722 1.280078
v 1.357016 0.261485 1.280078
v 1.357016 0.131722 1.271193
v 1.365901 1.166341 1.280078
v 1.357016 1.166341 1.271193
v 1.357016 1.036578 1.280078
v 1.357016 0.131722 1.221368
v 1.357016 0.261485 1.212483
v 1.365901 0.131722 1.212483
v 1.365901 1.166341 1.212483
v 1.357016 1.036578 1.212483
v 1.357016 1.166341 1.221368
v 1.424611 0.131722 1.271193
v 1.424611 0.261485 1.280078
v 1.415726 0.131722 1.280078
v 1.415726 1.166341 1.280078
v 1.424611 1.036578 1.280078
v 1.424611 1.166341 1.271193
v 1.415726 0.131722 1.212483
v 1.424611 0.261485 1.212483
v 1.424611 0.131722 1.221368
v 1.424611 1.166341 1.221368
v 1.424611 1.036578 1.212483
v 1.415726 1.166341 1.212483
v 1.365831 0.131026 1.246280
v 1.390813 0.131026 1.221298
v 1.415796 0.131026 1.246280
v 1.390813 0.131026 1.271263
v 2.320929 0.261415 1.280774
v 2.345912 0.649031 1.280774
v 2.320929 1.036648 1.280774
v 2.295947 0.649031 1.280774
v 2.286436 0.261415 1.246280
v 2.286436 0.649031 1.271263
v 2.286436 1.036648 1.246280
v 2.286436 0.649031 1.221298
v 2.295947 1.167037 1.246280
v 2.320929 1.167037 1.271263
v 2.345912 1.167037 1.246280
v 2.320929 1.167037 1.221298
v 2.355423 0.261415 1.246280
v 2.355423 0.649031 1.221298
v 2.355423 1.036648 1.246280
v 2.355423 0.649031 1.271263
v 2.320929 0.261415 1.211787
v 2.295947 0.649031 1.211787
v 2.320929 1.036648 1.211787
v 2.345912 0.649031 1.211787
v 2.354727 0.131722 1.271193
v 2.354727 0.261485 1.280078
v 2.345842 0.131722 1.280078
v 2.354727 1.036578 1.280078
v 2.354727 1.166341 1.271193
v 2.345842 1.166341 1.280078
v 2.345842 0.131722 1.212483
v 2.354727 0.261485 1.212483
v 2.354727 0.131722 1.221368
v 2.354727 1.166341 1.221368
v 2.354727 1.036578 1.212483
v 2.345842 1.166341 1.212483
v 2.296017 0.131722 1.280078
v 2.287132 0.261485 1.280078
v 2.287132 0.131722 1.271193
v 2.287132 1.166341 1.271193
v 2.287132 1.036578 1.280078
v 2.296017 1.166341 1.280078
v 2.287132 0.131722 1.221368
v 2.287132 0.261485 1.212483
v 1.390813 0.649031 1.280983
v 1.425516 0.649031 1.246280
v 1.390813 1.167246 1.246280
v 1.356111 0.649031 1.246280
v 1.390813 0.649031 1.211578
v 1.357225 0.131931 1.279869
v 1.357225 1.166132 1.279869
v 1.357225 0.131931 1.212692
v 1.357225 1.166132 1.212692
v 1.424402 0.131931 1.279869
v 1.424402 1.166132 1.279869
v 1.424402 0.131931 1.212692
v 1.424402 1.166132 1.212692
v 1.356947 0.131652 1.246280
v 1.356947 0.649031 1.280147
v 1.356947 1.166410 1.246280
v 1.356947 0.649031 1.212413
v 1.390813 0.131652 1.212413
v 1.390813 1.166410 1.212413
v 1.424680 0.649031 1.212413
v 1.424680 0.131652 1.246280
v 1.424680 1.166410 1.246280
v 1.424680 0.649031 1.280147
v 1.390813 0.131652 1.280147
v 1.390813 1.166410 1.280147
v 1.390813 0.130817 1.246280
v 2.320929 0.649031 1.280983
v 2.286227 0.649031 1.246280
v 2.320929 1.167246 1.246280
v 2.355632 0.649031 1.246280
v 2.320929 0.649031 1.211578
v 2.354518 0.131931 1.279869
v 2.354518 1.166132 1.279869
v 2.354518 0.131931 1.212692
v 2.354518 1.166132 1.212692
v 2.287341 0.131931 1.279869
v 2.287341 1.166132 1.279869
v 2.287341 0.131931 1.212692
v 2.287341 1.166132 1.212692
v 2.354796 0.131652 1.246280
v 2.354796 0.649031 1.280147
v 2.354796 1.166410 1.246280
v 2.354796 0.649031 1.212414
v 2.320929 0.131652 1.212414
v 2.320929 1.166410 1.212413
v 2.287062 0.649031 1.212414
v 2.287062 0.131652 1.246280
v 2.287062 1.166410 1.246280
v 2.287062 0.649031 1.280147
v 2.320929 0.131652 1.280147
v 2.320929 1.166410 1.280147
v 2.320929 0.130817 1.246280
v 1.390813 0.649031 0.679261
v 1.425516 0.649031 0.713964
v 1.390813 1.167246 0.713964
v 1.356111 0.649031 0.713964
v 1.390813 0.649031 0.748666
v 1.357225 0.131931 0.680375
v 1.357225 1.166131 0.680375
v 1.357225 0.131931 0.747552
v 1.357225 1.166132 0.747552
v 1.424402 0.131931 0.680375
v 1.424402 1.166131 0.680375
v 1.424402 0.131931 0.747552
v 1.424402 1.166132 0.747552
v 1.356946 0.131652 0.713964
v 1.356946 0.649031 0.680097
v 1.356946 1.166410 0.713964
v 1.356946 0.649031 0.747831
v 1.390813 0.131652 0.747831
v 1.390813 1.166410 0.747831
v 1.424680 0.649031 0.747831
v 1.424680 0.131652 0.713964
v 1.424680 1.166410 0.713964
v 1.424680 0.649031 0.680097
v 1.390813 0.131652 0.680097
v 1.390813 1.166410 0.680097
v 1.390813 0.130817 0.713964
v 2.320929 0.649031 0.679261
v 2.286227 0.649031 0.713964
v 2.320929 1.167246 0.713964
v 2.355632 0.649031 0.713964
v 2.320929 0.649031 0.748666
v 2.354518 0.131931 0.680375
v 2.354518 1.166131 0.680375
v 2.354518 0.131931 0.747552
v 2.354518 1.166132 0.747552
v 2.287341 0.131931 0.680375
v 2.287341 1.166131 0.680375
v 2.287341 0.131931 0.747552
v 2.287341 1.166132 0.747552
v 2.354796 0.131652 0.713964
v 2.354796 0.649031 0.680097
v 2.354796 1.166410 0.713964
v 2.354796 0.649031 0.747831
v 2.320929 0.131652 0.747831
v 2.320929 1.166410 0.747831
v 2.287062 0.649031 0.747831
v 2.287062 0.131652 0.713964
v 2.287062 1.166410 0.713964
v 2.287062 0.649031 0.680097
v 2.320929 0.131652 0.680097
v 2.320929 1.166410 0.680097
v 2.320929 0.130817 0.713964
vt 0.658137 0.501102
vt 0.758050 0.500553
vt 0.661242 0.550654
vt 0.760656 0.501092
vt 0.657343 0.501893
vt 0.661242 0.843541
vt 0.757900 0.937660
vt 0.658136 0.893098
vt 0.760656 0.937263
vt 0.657343 0.892302
vt 0.739414 0.520700
vt 0.743917 0.570840
vt 0.737203 0.572762
vt 0.737031 0.918438
vt 0.735159 0.866342
vt 0.742142 0.868333
vt 0.683288 0.501096
vt 0.691823 0.501051
vt 0.689060 0.501433
vt 0.684081 0.501893
vt 0.680183 0.550653
vt 0.691688 0.938185
vt 0.683288 0.893092
vt 0.680182 0.843541
vt 0.689081 0.937650
vt 0.684081 0.892302
vt 0.712708 0.520290
vt 0.714573 0.572412
vt 0.707580 0.570378
vt 0.710317 0.918038
vt 0.705812 0.867894
vt 0.712527 0.865985
vt 0.626420 0.893279
vt 0.912118 0.937704
vt 0.629525 0.843727
vt 0.914727 0.937171
vt 0.625626 0.892489
vt 0.629525 0.550839
vt 0.911956 0.500549
vt 0.626420 0.501282
vt 0.914727 0.500898
vt 0.625626 0.502078
vt 0.893494 0.917531
vt 0.898007 0.867399
vt 0.891291 0.865475
vt 0.891138 0.519825
vt 0.889274 0.571944
vt 0.896261 0.569913
vt 0.651571 0.893285
vt 0.845874 0.937147
vt 0.843113 0.936758
vt 0.652365 0.892489
vt 0.648466 0.843728
vt 0.845776 0.500044
vt 0.651571 0.501288
vt 0.648466 0.550840
vt 0.843172 0.500591
vt 0.652365 0.502078
vt 0.866777 0.917908
vt 0.868649 0.865795
vt 0.861652 0.867820
vt 0.864424 0.520215
vt 0.859910 0.570347
vt 0.866632 0.572270
vt 0.941983 0.519418
vt 0.937321 0.569395
vt 0.944121 0.571411
vt 0.938345 0.866360
vt 0.943326 0.916552
vt 0.945257 0.864493
vt 0.968703 0.520155
vt 0.966782 0.572328
vt 0.973727 0.570284
vt 0.970024 0.917850
vt 0.974684 0.867882
vt 0.967889 0.865806
vt 0.619854 0.501467
vt 0.922786 0.500493
vt 0.530476 0.892044
vt 0.619759 0.502349
vt 0.920139 0.500971
vt 0.620648 0.502258
vt 0.922929 0.937327
vt 0.619855 0.893463
vt 0.920280 0.936681
vt 0.620648 0.892668
vt 0.530476 0.501823
vt 0.619760 0.892575
vt 0.594702 0.501462
vt 0.989114 0.499228
vt 0.991796 0.499831
vt 0.593909 0.502258
vt 0.555429 0.892044
vt 0.594797 0.502350
vt 0.989085 0.936621
vt 0.594704 0.893458
vt 0.555429 0.501823
vt 0.594798 0.892576
vt 0.991796 0.936474
vt 0.593909 0.892668
vt 0.789659 0.520496
vt 0.791482 0.572608
vt 0.784479 0.570485
vt 0.789490 0.865717
vt 0.787297 0.917728
vt 0.782758 0.867655
vt 0.588138 0.501637
vt 0.768771 0.500667
vt 0.766120 0.501279
vt 0.588931 0.502434
vt 0.585032 0.551194
vt 0.768694 0.938034
vt 0.588137 0.893634
vt 0.585032 0.844082
vt 0.766086 0.937516
vt 0.588931 0.892843
vt 0.816304 0.520646
vt 0.820936 0.570718
vt 0.814188 0.572768
vt 0.814076 0.918081
vt 0.812211 0.866002
vt 0.819210 0.868010
vt 0.562986 0.501644
vt 0.835030 0.500114
vt 0.566092 0.551195
vt 0.837649 0.500865
vt 0.562193 0.502434
vt 0.834890 0.937492
vt 0.562986 0.893640
vt 0.837649 0.937119
vt 0.562193 0.892843
vt 0.566091 0.844083
vt 0.670712 0.697097
vt 0.699038 0.719307
vt 0.724154 0.926769
vt 0.750687 0.719410
vt 0.724865 0.719379
vt 0.657904 0.501660
vt 0.657903 0.892537
vt 0.741661 0.523915
vt 0.738951 0.915400
vt 0.683521 0.501658
vt 0.683521 0.892535
vt 0.710781 0.523331
vt 0.708068 0.914825
vt 0.750652 0.512371
vt 0.657787 0.697097
vt 0.749266 0.926466
vt 0.740215 0.719612
vt 0.726229 0.523415
vt 0.723506 0.915331
vt 0.709512 0.719124
vt 0.700460 0.512241
vt 0.699081 0.926368
vt 0.683637 0.697097
vt 0.670712 0.501542
vt 0.670712 0.892653
vt 0.725580 0.511960
vt 0.638995 0.697283
vt 0.853117 0.718910
vt 0.878246 0.511472
vt 0.904778 0.718817
vt 0.878961 0.718871
vt 0.626187 0.892721
vt 0.626187 0.501843
vt 0.895746 0.914319
vt 0.893073 0.522878
vt 0.651804 0.892723
vt 0.651804 0.501845
vt 0.864851 0.914861
vt 0.862176 0.523428
vt 0.904730 0.925877
vt 0.626070 0.697283
vt 0.903359 0.511756
vt 0.894322 0.718644
vt 0.880305 0.914798
vt 0.877619 0.522943
vt 0.863599 0.719098
vt 0.854521 0.925952
vt 0.853180 0.511874
vt 0.651920 0.697283
vt 0.638996 0.892839
vt 0.638995 0.501728
vt 0.879648 0.926260
vt 0.930176 0.718288
vt 0.542952 0.696933
vt 0.956389 0.925770
vt 0.956010 0.718516
vt 0.981853 0.718671
vt 0.939803 0.522351
vt 0.941329 0.913088
vt 0.970727 0.523523
vt 0.972206 0.915028
vt 0.620087 0.502025
vt 0.620088 0.892902
vt 0.594470 0.502024
vt 0.594470 0.892901
vt 0.955258 0.522750
vt 0.940647 0.717770
vt 0.956764 0.914272
vt 0.971389 0.719216
vt 0.980738 0.511503
vt 0.981475 0.925828
vt 0.594354 0.697463
vt 0.607278 0.501907
vt 0.607279 0.893018
vt 0.620204 0.697463
vt 0.930485 0.511507
vt 0.931321 0.925045
vt 0.955601 0.511153
vt 0.801845 0.719286
vt 0.827718 0.719201
vt 0.801160 0.926510
vt 0.776001 0.719200
vt 0.575562 0.697639
vt 0.787689 0.523617
vt 0.785026 0.914500
vt 0.588370 0.502199
vt 0.588370 0.893076
vt 0.818614 0.523883
vt 0.816026 0.915004
vt 0.562753 0.502201
vt 0.562753 0.893078
vt 0.777423 0.512241
vt 0.786418 0.719083
vt 0.776062 0.926139
vt 0.588487 0.697639
vt 0.575562 0.502083
vt 0.575562 0.893194
vt 0.562637 0.697639
vt 0.827609 0.512164
vt 0.826298 0.926195
vt 0.817270 0.719408
vt 0.803150 0.523584
vt 0.800522 0.914963
vt 0.802513 0.511828
vt 0.680184 0.697097
vt 0.670712 0.843543
vt 0.661240 0.697097
vt 0.670712 0.550652
vt 0.706640 0.719144
vt 0.698716 0.874432
vt 0.689070 0.719542
vt 0.684081 0.697097
vt 0.699726 0.564181
vt 0.723673 0.918333
vt 0.742615 0.926722
vt 0.724794 0.937922
vt 0.670712 0.893095
vt 0.705704 0.926640
vt 0.760656 0.719177
vt 0.657343 0.697097
vt 0.749994 0.874522
vt 0.743084 0.719577
vt 0.751015 0.564302
vt 0.736127 0.719539
vt 0.723841 0.866201
vt 0.713603 0.719213
vt 0.725890 0.572554
vt 0.661246 0.501572
vt 0.657816 0.550658
vt 0.657740 0.501498
vt 0.759353 0.500822
vt 0.661246 0.892625
vt 0.657740 0.892700
vt 0.759278 0.937461
vt 0.657816 0.843537
vt 0.744054 0.521031
vt 0.741255 0.572943
vt 0.737701 0.523685
vt 0.734985 0.915496
vt 0.739220 0.866305
vt 0.741681 0.918202
vt 0.683685 0.501494
vt 0.690441 0.501242
vt 0.683608 0.550658
vt 0.680179 0.501570
vt 0.680178 0.892623
vt 0.683608 0.843536
vt 0.683685 0.892697
vt 0.690384 0.937917
vt 0.714752 0.523249
vt 0.710507 0.572428
vt 0.708050 0.520513
vt 0.705677 0.917708
vt 0.708473 0.865797
vt 0.712028 0.915058
vt 0.744029 0.512096
vt 0.726064 0.520403
vt 0.707119 0.511997
vt 0.670712 0.501099
vt 0.724936 0.500802
vt 0.638996 0.843729
vt 0.629524 0.697283
vt 0.638995 0.550838
vt 0.648467 0.697283
vt 0.853792 0.874016
vt 0.843142 0.718674
vt 0.652365 0.697283
vt 0.852809 0.563805
vt 0.860725 0.719075
vt 0.859801 0.511602
vt 0.878866 0.500297
vt 0.638995 0.501285
vt 0.896702 0.511514
vt 0.877779 0.519928
vt 0.905097 0.873941
vt 0.897190 0.718665
vt 0.904092 0.563692
vt 0.914727 0.719034
vt 0.625626 0.697284
vt 0.879972 0.865668
vt 0.867693 0.719018
vt 0.877951 0.572073
vt 0.890229 0.718724
vt 0.626023 0.892884
vt 0.913422 0.937437
vt 0.626100 0.843723
vt 0.629529 0.892809
vt 0.626099 0.550844
vt 0.626023 0.501680
vt 0.913341 0.500724
vt 0.629529 0.501756
vt 0.891784 0.914543
vt 0.895346 0.865297
vt 0.898137 0.917207
vt 0.895796 0.520053
vt 0.893342 0.571969
vt 0.889102 0.522789
vt 0.648462 0.892811
vt 0.651891 0.843723
vt 0.651968 0.892887
vt 0.844494 0.936953
vt 0.651968 0.501683
vt 0.844474 0.500318
vt 0.651891 0.550844
vt 0.648461 0.501758
vt 0.862117 0.917679
vt 0.864580 0.865771
vt 0.868823 0.914949
vt 0.866139 0.523203
vt 0.862575 0.572449
vt 0.859782 0.520541
vt 0.898104 0.926143
vt 0.880139 0.917812
vt 0.861181 0.926204
vt 0.638995 0.893282
vt 0.878996 0.937426
vt 0.930041 0.563395
vt 0.937776 0.717890
vt 0.930673 0.873175
vt 0.920210 0.718826
vt 0.620648 0.697463
vt 0.542952 0.892044
vt 0.607278 0.502350
vt 0.530476 0.696934
vt 0.619760 0.697462
vt 0.542952 0.501823
vt 0.607279 0.892576
vt 0.555429 0.696933
vt 0.594798 0.697463
vt 0.956007 0.936974
vt 0.607279 0.893461
vt 0.937950 0.925408
vt 0.956674 0.917294
vt 0.974834 0.925966
vt 0.955450 0.571843
vt 0.967284 0.719054
vt 0.956571 0.865186
vt 0.944741 0.717966
vt 0.981394 0.563454
vt 0.991796 0.718153
vt 0.593909 0.697463
vt 0.981939 0.873886
vt 0.974266 0.719067
vt 0.943776 0.522335
vt 0.940053 0.571357
vt 0.937325 0.519605
vt 0.941201 0.864158
vt 0.945291 0.913484
vt 0.938681 0.916077
vt 0.973377 0.520495
vt 0.970860 0.572541
vt 0.966744 0.523258
vt 0.968238 0.914953
vt 0.971957 0.865921
vt 0.974674 0.917768
vt 0.620251 0.501863
vt 0.921463 0.500732
vt 0.620174 0.551024
vt 0.616744 0.501937
vt 0.616745 0.892990
vt 0.620175 0.843902
vt 0.620251 0.893065
vt 0.921605 0.937004
vt 0.597812 0.501936
vt 0.594383 0.551024
vt 0.594306 0.501860
vt 0.990455 0.499529
vt 0.594307 0.893063
vt 0.990441 0.936548
vt 0.594383 0.843902
vt 0.597813 0.892989
vt 0.955340 0.519699
vt 0.974077 0.511257
vt 0.607278 0.501465
vt 0.955950 0.499860
vt 0.937130 0.511225
vt 0.813155 0.719377
vt 0.800849 0.865897
vt 0.790534 0.719175
vt 0.802836 0.572669
vt 0.837649 0.718992
vt 0.562193 0.697639
vt 0.827030 0.874271
vt 0.820140 0.719357
vt 0.828023 0.564120
vt 0.801792 0.937763
vt 0.575562 0.893637
vt 0.782694 0.926399
vt 0.800685 0.917997
vt 0.819637 0.926450
vt 0.783555 0.719072
vt 0.775690 0.874236
vt 0.766103 0.719398
vt 0.588931 0.697639
vt 0.776684 0.564158
vt 0.585033 0.697639
vt 0.575562 0.844084
vt 0.566090 0.697639
vt 0.575562 0.551193
vt 0.791679 0.523534
vt 0.787390 0.572612
vt 0.784979 0.520718
vt 0.789004 0.914718
vt 0.782639 0.917411
vt 0.785415 0.865542
vt 0.588534 0.502035
vt 0.767445 0.500973
vt 0.588458 0.551199
vt 0.585028 0.502111
vt 0.585028 0.893164
vt 0.588457 0.844077
vt 0.588534 0.893239
vt 0.767390 0.937775
vt 0.820995 0.520931
vt 0.818272 0.572878
vt 0.814623 0.523717
vt 0.812042 0.915102
vt 0.816293 0.865955
vt 0.818745 0.917842
vt 0.566096 0.502113
vt 0.562666 0.551200
vt 0.562589 0.502039
vt 0.836339 0.500490
vt 0.562589 0.893242
vt 0.836269 0.937306
vt 0.562666 0.844078
vt 0.566095 0.893166
vt 0.784080 0.511960
vt 0.575562 0.501640
vt 0.801900 0.500391
vt 0.820948 0.511884
vt 0.802979 0.520486
vn 0.020571 -0.001342 0.999788
vn 0.022639 0.000000 0.999744
vn -0.000000 0.000000 1.000000
vn -0.000000 -0.001481 0.999999
vn 0.020571 0.001343 0.999788
vn -0.000000 0.001481 0.999999
vn -0.020571 0.001343 0.999788
vn -0.022639 0.000000 0.999744
vn -0.020571 -0.001342 0.999788
vn 0.999788 -0.001343 -0.020570
vn 0.999744 -0.000000 -0.022638
vn 1.000000 0.000000 -0.000000
vn 0.999999 -0.001481 0.000000
vn 0.999788 0.001343 -0.020570
vn 0.999999 0.001481 -0.000000
vn 0.999788 0.001343 0.020570
vn 0.999744 0.000000 0.022638
vn 0.999788 -0.001343 0.020570
vn 0.020522 0.999579 -0.020522
vn -0.000001 0.999744 -0.022636
vn 0.000000 1.000000 -0.000000
vn 0.022637 0.999744 -0.000000
vn -0.020522 0.999579 -0.020522
vn -0.022636 0.999744 -0.000000
vn -0.020522 0.999579 0.020522
vn 0.000001 0.999744 0.022636
vn 0.020522 0.999579 0.020522
vn -0.999788 -0.001343 0.020569
vn -0.999744 0.000000 0.022637
vn -1.000000 0.000000 0.000000
vn -0.999999 -0.001481 0.000000
vn -0.999788 0.001343 0.020569
vn -0.999999 0.001481 -0.000000
vn -0.999788 0.001343 -0.020569
vn -0.999744 -0.000000 -0.022637
vn -0.999788 -0.001343 -0.020569
vn -0.020571 -0.001343 -0.999788
vn -0.022639 0.000000 -0.999744
vn -0.000000 0.000000 -1.000000
vn 0.000000 -0.001481 -0.999999
vn -0.020571 0.001343 -0.999788
vn -0.000000 0.001481 -0.999999
vn 0.020571 0.001343 -0.999788
vn 0.022639 -0.000000 -0.999744
vn 0.020571 -0.001343 -0.999788
vn -0.020520 -0.999579 0.020519
vn -0.015240 -0.071755 0.997306
vn -0.706221 -0.050136 0.706214
vn -0.997306 -0.071754 0.015238
vn -0.707110 -0.001267 0.707102
vn -0.015240 0.071755 0.997306
vn -0.706219 0.050137 0.706216
vn -0.707110 0.001267 0.707103
vn -0.997306 0.071754 0.015239
vn -0.020521 -0.999579 -0.020521
vn -0.997306 -0.071754 -0.015239
vn -0.706221 -0.050137 -0.706214
vn -0.015240 -0.071755 -0.997306
vn -0.707110 -0.001267 -0.707103
vn -0.015240 0.071755 -0.997306
vn -0.706220 0.050136 -0.706215
vn -0.997306 0.071754 -0.015239
vn -0.707110 0.001267 -0.707103
vn 0.020520 -0.999579 0.020519
vn 0.997306 -0.071755 0.015239
vn 0.706219 -0.050137 0.706216
vn 0.015240 -0.071755 0.997306
vn 0.707108 -0.001267 0.707104
vn 0.015240 0.071755 0.997306
vn 0.706218 0.050137 0.706217
vn 0.997306 0.071754 0.015239
vn 0.707108 0.001267 0.707105
vn 0.020521 -0.999579 -0.020521
vn 0.015240 -0.071755 -0.997306
vn 0.706219 -0.050137 -0.706216
vn 0.997306 -0.071754 -0.015239
vn 0.707108 -0.001267 -0.707104
vn 0.997306 0.071754 -0.015239
vn 0.706218 0.050136 -0.706217
vn 0.015240 0.071755 -0.997306
vn 0.707108 0.001267 -0.707105
vn -0.022634 -0.999744 -0.000001
vn -0.997390 -0.072208 -0.000000
vn -0.707111 0.000000 0.707103
vn -0.997390 0.072208 -0.000000
vn -0.707111 -0.000000 -0.707103
vn -0.000000 -0.999744 -0.022635
vn 0.000000 -0.072209 -0.997389
vn -0.000000 0.072209 -0.997390
vn 0.707109 -0.000000 -0.707105
vn 0.022634 -0.999744 -0.000001
vn 0.997390 -0.072209 -0.000000
vn 0.997390 0.072208 -0.000000
vn 0.707109 0.000000 0.707105
vn 0.000000 -0.999744 0.022633
vn -0.000000 -0.072209 0.997389
vn -0.000000 0.072209 0.997389
vn -0.000000 -1.000000 -0.000001
vn -0.020571 -0.001342 0.999788
vn -0.000000 -0.001481 0.999999
vn -0.000000 0.000000 1.000000
vn -0.022639 0.000000 0.999744
vn 0.020571 -0.001342 0.999788
vn 0.022639 0.000000 0.999744
vn 0.020571 0.001343 0.999788
vn -0.000000 0.001481 0.999999
vn -0.020571 0.001343 0.999788
vn -0.999787 -0.001343 -0.020575
vn -0.999999 -0.001481 -0.000001
vn -1.000000 0.000000 0.000000
vn -0.999744 -0.000000 -0.022640
vn -0.999788 -0.001343 0.020573
vn -0.999744 0.000000 0.022641
vn -0.999788 0.001343 0.020573
vn -0.999999 0.001481 0.000001
vn -0.999788 0.001343 -0.020569
vn -0.020522 0.999579 -0.020522
vn -0.022636 0.999744 0.000000
vn 0.000000 1.000000 0.000000
vn -0.000000 0.999744 -0.022636
vn -0.020522 0.999579 0.020522
vn 0.000001 0.999744 0.022636
vn 0.020522 0.999579 0.020522
vn 0.022637 0.999744 0.000000
vn 0.020522 0.999579 -0.020522
vn 0.999788 -0.001343 0.020567
vn 0.999999 -0.001481 -0.000000
vn 1.000000 0.000000 -0.000001
vn 0.999744 0.000000 0.022636
vn 0.999788 -0.001343 -0.020569
vn 0.999744 -0.000000 -0.022636
vn 0.999788 0.001343 -0.020569
vn 0.999999 0.001481 -0.000001
vn 0.999788 0.001343 0.020570
vn 0.020569 -0.001343 -0.999788
vn -0.000000 -0.001481 -0.999999
vn -0.000000 -0.000000 -1.000000
vn 0.022637 -0.000000 -0.999744
vn -0.020569 -0.001343 -0.999788
vn -0.022638 -0.000000 -0.999744
vn -0.020570 0.001343 -0.999788
vn -0.000000 0.001481 -0.999999
vn 0.020570 0.001343 -0.999788
vn 0.020520 -0.999579 0.020519
vn 0.997306 -0.071755 0.015239
vn 0.706221 -0.050137 0.706214
vn 0.015240 -0.071754 0.997306
vn 0.707110 -0.001267 0.707103
vn 0.707109 0.001267 0.707103
vn 0.706217 0.050137 0.706218
vn 0.015240 0.071755 0.997306
vn 0.997306 0.071754 0.015239
vn 0.020521 -0.999579 -0.020521
vn 0.015238 -0.071754 -0.997306
vn 0.706215 -0.050136 -0.706220
vn 0.997306 -0.071754 -0.015241
vn 0.707101 -0.001267 -0.707112
vn 0.997306 0.071754 -0.015239
vn 0.706215 0.050136 -0.706220
vn 0.015240 0.071754 -0.997306
vn 0.707109 0.001267 -0.707103
vn -0.020520 -0.999579 0.020519
vn -0.015240 -0.071755 0.997306
vn -0.706219 -0.050136 0.706216
vn -0.997306 -0.071754 0.015242
vn -0.707111 -0.001267 0.707101
vn -0.997306 0.071754 0.015243
vn -0.706222 0.050137 0.706213
vn -0.015240 0.071755 0.997306
vn -0.707112 0.001267 0.707101
vn -0.020521 -0.999579 -0.020521
vn -0.997306 -0.071754 -0.015243
vn -0.706208 -0.050136 -0.706228
vn -0.015238 -0.071754 -0.997306
vn -0.707102 -0.001267 -0.707111
vn -0.015240 0.071755 -0.997306
vn -0.706222 0.050136 -0.706213
vn -0.997306 0.071754 -0.015243
vn -0.707113 0.001267 -0.707099
vn 0.997390 -0.072209 -0.000000
vn 0.022635 -0.999744 -0.000001
vn 0.707110 0.000000 0.707103
vn 0.997390 0.072208 0.000000
vn 0.707106 -0.000000 -0.707108
vn -0.000000 -0.072208 -0.997390
vn -0.000000 -0.999744 -0.022635
vn 0.000000 0.072208 -0.997390
vn -0.707109 -0.000000 -0.707104
vn -0.997390 -0.072208 -0.000000
vn -0.022634 -0.999744 -0.000001
vn -0.997390 0.072208 0.000000
vn -0.707113 0.000000 0.707101
vn -0.000000 -0.072209 0.997390
vn 0.000000 -0.999744 0.022633
vn -0.000000 0.072209 0.997389
vn -0.000000 -1.000000 -0.000001
vn 0.020569 -0.001343 -0.999788
vn -0.000000 -0.001481 -0.999999
vn 0.000000 -0.000000 -1.000000
vn 0.022637 -0.000000 -0.999744
vn -0.020569 -0.001343 -0.999788
vn -0.022637 -0.000000 -0.999744
vn -0.020569 0.001342 -0.999788
vn 0.000000 0.001481 -0.999999
vn 0.020569 0.001342 -0.999788
vn 0.999788 -0.001343 0.020571
vn 0.999999 -0.001481 0.000000
vn 1.000000 0.000000 0.000000
vn 0.999744 0.000000 0.022639
vn 0.999788 -0.001343 -0.020571
vn 0.999744 -0.000000 -0.022639
vn 0.999788 0.001343 -0.020571
vn 0.999999 0.001481 -0.000000
vn 0.999788 0.001343 0.020571
vn 0.020521 0.999579 0.020517
vn 0.022635 0.999744 -0.000004
vn 0.000000 1.000000 -0.000004
vn -0.000000 0.999744 0.022632
vn 0.020521 0.999579 -0.020523
vn 0.000001 0.999744 -0.022637
vn -0.020520 0.999579 -0.020523
vn -0.022634 0.999744 -0.000004
vn -0.020520 0.999579 0.020517
vn -0.999788 -0.001343 -0.020571
vn -0.999999 -0.001481 0.000000
vn -1.000000 -0.000000 0.000000
vn -0.999744 -0.000000 -0.022639
vn -0.999788 -0.001343 0.020571
vn -0.999744 0.000000 0.022639
vn -0.999788 0.001343 0.020571
vn -0.999999 0.001481 -0.000000
vn -0.999788 0.001343 -0.020571
vn -0.020568 -0.001342 0.999788
vn -0.000000 -0.001480 0.999999
vn -0.000000 0.000000 1.000000
vn -0.022636 0.000000 0.999744
vn 0.020568 -0.001342 0.999788
vn 0.022636 0.000000 0.999744
vn 0.020568 0.001343 0.999788
vn -0.000000 0.001481 0.999999
vn -0.020568 0.001343 0.999788
vn -0.020521 -0.999579 -0.020519
vn -0.997306 -0.071755 -0.015240
vn -0.706216 -0.050137 -0.706219
vn -0.015238 -0.071754 -0.997306
vn -0.707103 -0.001267 -0.707110
vn -0.707104 0.001267 -0.707108
vn -0.706218 0.050137 -0.706217
vn -0.015238 0.071754 -0.997306
vn -0.997306 0.071754 -0.015240
vn -0.020521 -0.999579 0.020523
vn -0.015238 -0.071754 0.997306
vn -0.706215 -0.050137 0.706220
vn -0.997306 -0.071755 0.015240
vn -0.707102 -0.001267 0.707111
vn -0.997306 0.071755 0.015240
vn -0.706214 0.050137 0.706221
vn -0.015239 0.071754 0.997306
vn -0.707101 0.001267 0.707111
vn 0.020521 -0.999579 -0.020519
vn 0.015238 -0.071754 -0.997306
vn 0.706215 -0.050137 -0.706220
vn 0.997306 -0.071755 -0.015240
vn 0.707104 -0.001267 -0.707109
vn 0.997306 0.071755 -0.015240
vn 0.706219 0.050137 -0.706216
vn 0.015238 0.071754 -0.997306
vn 0.707105 0.001267 -0.707107
vn 0.020521 -0.999579 0.020523
vn 0.997306 -0.071755 0.015240
vn 0.706215 -0.050137 0.706220
vn 0.015238 -0.071754 0.997306
vn 0.707102 -0.001267 0.707110
vn 0.015239 0.071754 0.997306
vn 0.706213 0.050137 0.706222
vn 0.997306 0.071755 0.015240
vn 0.707101 0.001267 0.707111
vn -0.997389 -0.072209 0.000000
vn -0.022635 -0.999744 0.000002
vn -0.707104 -0.000000 -0.707110
vn -0.997389 0.072209 -0.000000
vn -0.707102 0.000000 0.707112
vn -0.000000 -0.072208 0.997390
vn 0.000000 -0.999744 0.022637
vn 0.000000 0.072209 0.997390
vn 0.707102 0.000000 0.707112
vn 0.997389 -0.072209 0.000000
vn 0.022635 -0.999744 0.000002
vn 0.997389 0.072209 -0.000000
vn 0.707104 -0.000000 -0.707109
vn -0.000000 -0.072208 -0.997390
vn -0.000000 -0.999744 -0.022633
vn 0.000000 0.072208 -0.997390
vn -0.000000 -1.000000 0.000002
vn -0.020569 -0.001343 -0.999788
vn -0.022637 -0.000000 -0.999744
vn -0.000000 -0.000000 -1.000000
vn -0.000000 -0.001481 -0.999999
vn -0.020569 0.001342 -0.999788
vn -0.000000 0.001481 -0.999999
vn 0.020569 0.001343 -0.999788
vn 0.022637 -0.000000 -0.999744
vn 0.020569 -0.001343 -0.999788
vn -0.999788 -0.001343 0.020570
vn -0.999744 0.000000 0.022639
vn -1.000000 0.000000 0.000000
vn -0.999999 -0.001481 -0.000001
vn -0.999788 0.001343 0.020572
vn -0.999999 0.001481 0.000001
vn -0.999788 0.001343 -0.020572
vn -0.999744 -0.000000 -0.022641
vn -0.999787 -0.001343 -0.020574
vn -0.020520 0.999579 0.020517
vn 0.000001 0.999744 0.022632
vn 0.000000 1.000000 -0.000004
vn -0.022635 0.999744 -0.000004
vn 0.020521 0.999579 0.020517
vn 0.022635 0.999744 -0.000004
vn 0.020521 0.999579 -0.020523
vn -0.000000 0.999744 -0.022637
vn -0.020521 0.999579 -0.020523
vn 0.999788 -0.001343 -0.020569
vn 0.999744 -0.000000 -0.022639
vn 1.000000 -0.000000 -0.000000
vn 0.999999 -0.001481 0.000001
vn 0.999788 0.001343 -0.020571
vn 0.999999 0.001481 -0.000001
vn 0.999788 0.001343 0.020571
vn 0.999744 0.000000 0.022640
vn 0.999788 -0.001343 0.020571
vn 0.020572 -0.001343 0.999788
vn 0.022639 0.000000 0.999744
vn 0.000000 0.000000 1.000000
vn 0.000000 -0.001481 0.999999
vn 0.020569 0.001343 0.999788
vn 0.000000 0.001481 0.999999
vn -0.020569 0.001343 0.999788
vn -0.022639 0.000000 0.999744
vn -0.020571 -0.001343 0.999788
vn 0.020521 -0.999579 -0.020519
vn 0.015238 -0.071754 -0.997306
vn 0.706219 -0.050137 -0.706216
vn 0.997306 -0.071754 -0.015239
vn 0.707103 -0.001267 -0.707110
vn 0.015238 0.071754 -0.997306
vn 0.706219 0.050137 -0.706216
vn 0.707107 0.001267 -0.707106
vn 0.997306 0.071754 -0.015237
vn 0.020522 -0.999579 0.020523
vn 0.997306 -0.071754 0.015237
vn 0.706221 -0.050137 0.706214
vn 0.015242 -0.071754 0.997306
vn 0.707107 -0.001267 0.707106
vn 0.015238 0.071754 0.997306
vn 0.706213 0.050137 0.706222
vn 0.997306 0.071754 0.015238
vn 0.707107 0.001267 0.707105
vn -0.020520 -0.999579 -0.020519
vn -0.997306 -0.071754 -0.015242
vn -0.706222 -0.050137 -0.706213
vn -0.015238 -0.071755 -0.997306
vn -0.707109 -0.001267 -0.707103
vn -0.015238 0.071754 -0.997306
vn -0.706217 0.050137 -0.706218
vn -0.997306 0.071754 -0.015242
vn -0.707108 0.001267 -0.707105
vn -0.020522 -0.999579 0.020523
vn -0.015242 -0.071755 0.997306
vn -0.706217 -0.050137 0.706218
vn -0.997306 -0.071754 0.015242
vn -0.707111 -0.001267 0.707102
vn -0.997306 0.071754 0.015242
vn -0.706208 0.050136 0.706227
vn -0.015238 0.071755 0.997306
vn -0.707103 0.001267 0.707109
vn 0.022635 -0.999744 0.000002
vn 0.997390 -0.072209 0.000000
vn 0.707105 -0.000000 -0.707109
vn 0.997390 0.072209 0.000001
vn 0.707107 0.000000 0.707106
vn -0.000000 -0.999744 0.022638
vn 0.000000 -0.072209 0.997389
vn 0.000000 0.072208 0.997390
vn -0.707110 0.000000 0.707104
vn -0.022635 -0.999744 0.000002
vn -0.997390 -0.072208 -0.000001
vn -0.997390 0.072208 0.000001
vn -0.707110 -0.000000 -0.707104
vn -0.000000 -0.999744 -0.022633
vn -0.000000 -0.072208 -0.997390
vn 0.000000 0.072208 -0.997390
vn -0.000000 -1.000000 0.000002
s 1
g tawlah:tawlah:CubeFBXASC046001 tawlah:tawlah:CubeFBXASC046002
usemtl tawlah:tawlah:tawlah:tawlah:aiStandardSurface7SG
f 979/1041/965 1165/1257/966 1253/1153/967 1168/1260/968
f 1165/1257/966 981/1044/969 1166/1258/970 1253/1153/967
f 1253/1153/967 1166/1258/970 968/1026/971 1167/1259/972
f 1168/1260/968 1253/1153/967 1167/1259/972 966/1023/973
f 985/1049/974 1169/1261/975 1254/1154/976 1172/1265/977
f 1169/1261/975 987/1051/978 1170/1262/979 1254/1154/976
f 1254/1154/976 1170/1262/979 982/1045/980 1171/1263/981
f 1172/1265/977 1254/1154/976 1171/1263/981 978/1039/982
f 986/1050/983 1173/1266/984 1255/1155/985 1176/1270/986
f 1173/1266/984 974/1034/987 1174/1267/988 1255/1155/985
f 1255/1155/985 1174/1267/988 969/1027/989 1175/1268/990
f 1176/1270/986 1255/1155/985 1175/1268/990 980/1042/991
f 967/1024/992 1177/1271/993 1256/1156/994 1180/1275/995
f 1177/1271/993 970/1029/996 1178/1273/997 1256/1156/994
f 1256/1156/994 1178/1273/997 976/1036/998 1179/1274/999
f 1180/1275/995 1256/1156/994 1179/1274/999 972/1032/1000
f 973/1033/1001 1181/1276/1002 1257/1157/1003 1184/1279/1004
f 1181/1276/1002 975/1035/1005 1182/1277/1006 1257/1157/1003
f 1257/1157/1003 1182/1277/1006 988/1052/1007 1183/1278/1008
f 1184/1279/1004 1257/1157/1003 1183/1278/1008 984/1048/1009
f 965/1021/1010 1185/1280/1011 1258/1158/1012 1187/1282/1013
f 966/1023/973 1186/1281/1014 1258/1158/1012 1185/1280/1011
f 967/1025/992 1187/1282/1013 1258/1158/1012 1186/1281/1014
f 968/1026/971 1188/1284/1015 1259/1159/1016 1190/1287/1017
f 969/1028/989 1189/1285/1018 1259/1159/1016 1188/1284/1015
f 970/1030/996 1190/1287/1017 1259/1159/1016 1189/1285/1018
f 971/1031/1019 1191/1288/1020 1260/1160/1021 1193/1290/1022
f 972/1032/1000 1192/1289/1023 1260/1160/1021 1191/1288/1020
f 973/1033/1001 1193/1290/1022 1260/1160/1021 1192/1289/1023
f 974/1034/987 1194/1291/1024 1261/1161/1025 1196/1293/1026
f 975/1035/1005 1195/1292/1027 1261/1161/1025 1194/1291/1024
f 976/1036/998 1196/1293/1026 1261/1161/1025 1195/1292/1027
f 977/1037/1028 1197/1294/1029 1262/1162/1030 1199/1297/1031
f 978/1040/982 1198/1296/1032 1262/1162/1030 1197/1294/1029
f 979/1041/965 1199/1297/1031 1262/1162/1030 1198/1296/1032
f 980/1043/991 1200/1298/1033 1263/1163/1034 1202/1300/1035
f 981/1044/969 1201/1299/1036 1263/1163/1034 1200/1298/1033
f 982/1046/980 1202/1300/1035 1263/1163/1034 1201/1299/1036
f 983/1047/1037 1203/1302/1038 1264/1164/1039 1205/1304/1040
f 984/1048/1009 1204/1303/1041 1264/1164/1039 1203/1302/1038
f 985/1049/974 1205/1304/1040 1264/1164/1039 1204/1303/1041
f 986/1050/983 1206/1305/1042 1265/1165/1043 1208/1307/1044
f 987/1051/978 1207/1306/1045 1265/1165/1043 1206/1305/1042
f 988/1052/1007 1208/1307/1044 1265/1165/1043 1207/1306/1045
f 971/1031/1019 1209/1308/1046 1266/1166/1047 1191/1288/1020
f 1209/1308/1046 965/1022/1010 1187/1283/1013 1266/1166/1047
f 1266/1166/1047 1187/1283/1013 967/1024/992 1180/1275/995
f 1191/1288/1020 1266/1166/1047 1180/1275/995 972/1032/1000
f 966/1023/973 1167/1259/972 1267/1167/1048 1186/1281/1014
f 1167/1259/972 968/1026/971 1190/1287/1017 1267/1167/1048
f 1267/1167/1048 1190/1287/1017 970/1030/996 1177/1272/993
f 1186/1281/1014 1267/1167/1048 1177/1272/993 967/1025/992
f 969/1027/989 1174/1267/988 1268/1168/1049 1189/1286/1018
f 1174/1267/988 974/1034/987 1196/1293/1026 1268/1168/1049
f 1268/1168/1049 1196/1293/1026 976/1036/998 1178/1273/997
f 1189/1286/1018 1268/1168/1049 1178/1273/997 970/1029/996
f 975/1035/1005 1181/1276/1002 1269/1169/1050 1195/1292/1027
f 1181/1276/1002 973/1033/1001 1192/1289/1023 1269/1169/1050
f 1269/1169/1050 1192/1289/1023 972/1032/1000 1179/1274/999
f 1195/1292/1027 1269/1169/1050 1179/1274/999 976/1036/998
f 983/1047/1037 1210/1309/1051 1270/1170/1052 1203/1302/1038
f 1210/1309/1051 971/1031/1019 1193/1290/1022 1270/1170/1052
f 1270/1170/1052 1193/1290/1022 973/1033/1001 1184/1279/1004
f 1203/1302/1038 1270/1170/1052 1184/1279/1004 984/1048/1009
f 974/1034/987 1173/1266/984 1271/1171/1053 1194/1291/1024
f 1173/1266/984 986/1050/983 1208/1307/1044 1271/1171/1053
f 1271/1171/1053 1208/1307/1044 988/1052/1007 1182/1277/1006
f 1194/1291/1024 1271/1171/1053 1182/1277/1006 975/1035/1005
f 987/1051/978 1169/1261/975 1272/1172/1054 1207/1306/1045
f 1169/1261/975 985/1049/974 1204/1303/1041 1272/1172/1054
f 1272/1172/1054 1204/1303/1041 984/1048/1009 1183/1278/1008
f 1207/1306/1045 1272/1172/1054 1183/1278/1008 988/1052/1007
f 977/1038/1028 1211/1310/1055 1273/1173/1056 1197/1295/1029
f 1211/1310/1055 983/1047/1037 1205/1304/1040 1273/1173/1056
f 1273/1173/1056 1205/1304/1040 985/1049/974 1172/1265/977
f 1197/1295/1029 1273/1173/1056 1172/1265/977 978/1039/982
f 986/1050/983 1176/1270/986 1274/1174/1057 1206/1305/1042
f 1176/1270/986 980/1042/991 1202/1301/1035 1274/1174/1057
f 1274/1174/1057 1202/1301/1035 982/1045/980 1170/1262/979
f 1206/1305/1042 1274/1174/1057 1170/1262/979 987/1051/978
f 981/1044/969 1165/1257/966 1275/1175/1058 1201/1299/1036
f 1165/1257/966 979/1041/965 1198/1296/1032 1275/1175/1058
f 1275/1175/1058 1198/1296/1032 978/1040/982 1171/1264/981
f 1201/1299/1036 1275/1175/1058 1171/1264/981 982/1046/980
f 965/1021/1010 1212/1311/1059 1276/1176/1060 1185/1280/1011
f 1212/1311/1059 977/1037/1028 1199/1297/1031 1276/1176/1060
f 1276/1176/1060 1199/1297/1031 979/1041/965 1168/1260/968
f 1185/1280/1011 1276/1176/1060 1168/1260/968 966/1023/973
f 980/1043/991 1175/1269/990 1277/1177/1061 1200/1298/1033
f 1175/1269/990 969/1028/989 1188/1284/1015 1277/1177/1061
f 1277/1177/1061 1188/1284/1015 968/1026/971 1166/1258/970
f 1200/1298/1033 1277/1177/1061 1166/1258/970 981/1044/969
f 971/1031/1019 1210/1309/1051 1278/1178/1062 1209/1308/1046
f 1210/1309/1051 983/1047/1037 1211/1310/1055 1278/1178/1062
f 1278/1178/1062 1211/1310/1055 977/1038/1028 1212/1312/1059
f 1209/1308/1046 1278/1178/1062 1212/1312/1059 965/1022/1010
s 10
f 1003/1073/1063 1213/1313/1064 1279/1179/1065 1216/1316/1066
f 1213/1313/1064 990/1055/1067 1214/1314/1068 1279/1179/1065
f 1279/1179/1065 1214/1314/1068 992/1058/1069 1215/1315/1070
f 1216/1316/1066 1279/1179/1065 1215/1315/1070 1005/1076/1071
f 1009/1081/1072 1217/1317/1073 1280/1180/1074 1220/1321/1075
f 1217/1317/1073 1002/1071/1076 1218/1318/1077 1280/1180/1074
f 1280/1180/1074 1218/1318/1077 1006/1077/1078 1219/1320/1079
f 1220/1321/1075 1280/1180/1074 1219/1320/1079 1011/1083/1080
f 1010/1082/1081 1221/1322/1082 1281/1181/1083 1224/1326/1084
f 1221/1322/1082 1004/1074/1085 1222/1323/1086 1281/1181/1083
f 1281/1181/1083 1222/1323/1086 993/1059/1087 1223/1325/1088
f 1224/1326/1084 1281/1181/1083 1223/1325/1088 998/1066/1089
f 991/1056/1090 1225/1327/1091 1282/1182/1092 1228/1330/1093
f 1225/1327/1091 996/1064/1094 1226/1328/1095 1282/1182/1092
f 1282/1182/1092 1226/1328/1095 1000/1068/1096 1227/1329/1097
f 1228/1330/1093 1282/1182/1092 1227/1329/1097 994/1061/1098
f 997/1065/1099 1229/1332/1100 1283/1183/1101 1232/1335/1102
f 1229/1332/1100 1008/1080/1103 1230/1333/1104 1283/1183/1101
f 1283/1183/1101 1230/1333/1104 1012/1084/1105 1231/1334/1106
f 1232/1335/1102 1283/1183/1101 1231/1334/1106 999/1067/1107
f 989/1053/1108 1233/1336/1109 1284/1184/1110 1235/1339/1111
f 991/1057/1090 1234/1338/1112 1284/1184/1110 1233/1336/1109
f 990/1055/1067 1235/1339/1111 1284/1184/1110 1234/1338/1112
f 992/1058/1069 1236/1340/1113 1285/1185/1114 1238/1343/1115
f 994/1062/1098 1237/1341/1116 1285/1185/1114 1236/1340/1113
f 993/1060/1087 1238/1343/1115 1285/1185/1114 1237/1341/1116
f 995/1063/1117 1239/1344/1118 1286/1186/1119 1241/1346/1120
f 997/1065/1099 1240/1345/1121 1286/1186/1119 1239/1344/1118
f 996/1064/1094 1241/1346/1120 1286/1186/1119 1240/1345/1121
f 998/1066/1089 1242/1347/1122 1287/1187/1123 1244/1349/1124
f 1000/1068/1096 1243/1348/1125 1287/1187/1123 1242/1347/1122
f 999/1067/1107 1244/1349/1124 1287/1187/1123 1243/1348/1125
f 1001/1069/1126 1245/1350/1127 1288/1188/1128 1247/1352/1129
f 1003/1073/1063 1246/1351/1130 1288/1188/1128 1245/1350/1127
f 1002/1072/1076 1247/1352/1129 1288/1188/1128 1246/1351/1130
f 1004/1075/1085 1248/1354/1131 1289/1189/1132 1250/1357/1133
f 1006/1078/1078 1249/1356/1134 1289/1189/1132 1248/1354/1131
f 1005/1076/1071 1250/1357/1133 1289/1189/1132 1249/1356/1134
f 1007/1079/1135 1251/1358/1136 1290/1190/1137 1061/1360/1138
f 1009/1081/1072 1252/1359/1139 1290/1190/1137 1251/1358/1136
f 1008/1080/1103 1061/1360/1138 1290/1190/1137 1252/1359/1139
f 1010/1082/1081 1062/1361/1140 1291/1191/1141 1064/1363/1142
f 1012/1084/1105 1063/1362/1143 1291/1191/1141 1062/1361/1140
f 1011/1083/1080 1064/1363/1142 1291/1191/1141 1063/1362/1143
f 995/1063/1117 1241/1346/1120 1292/1192/1144 1065/1364/1145
f 1241/1346/1120 996/1064/1094 1225/1327/1091 1292/1192/1144
f 1292/1192/1144 1225/1327/1091 991/1056/1090 1233/1337/1109
f 1065/1364/1145 1292/1192/1144 1233/1337/1109 989/1054/1108
f 990/1055/1067 1234/1338/1112 1293/1193/1146 1214/1314/1068
f 1234/1338/1112 991/1057/1090 1228/1331/1093 1293/1193/1146
f 1293/1193/1146 1228/1331/1093 994/1062/1098 1236/1340/1113
f 1214/1314/1068 1293/1193/1146 1236/1340/1113 992/1058/1069
f 993/1059/1087 1237/1342/1116 1294/1194/1147 1223/1325/1088
f 1237/1342/1116 994/1061/1098 1227/1329/1097 1294/1194/1147
f 1294/1194/1147 1227/1329/1097 1000/1068/1096 1242/1347/1122
f 1223/1325/1088 1294/1194/1147 1242/1347/1122 998/1066/1089
f 999/1067/1107 1243/1348/1125 1295/1195/1148 1232/1335/1102
f 1243/1348/1125 1000/1068/1096 1226/1328/1095 1295/1195/1148
f 1295/1195/1148 1226/1328/1095 996/1064/1094 1240/1345/1121
f 1232/1335/1102 1295/1195/1148 1240/1345/1121 997/1065/1099
f 1007/1079/1135 1061/1360/1138 1296/1196/1149 1066/1365/1150
f 1061/1360/1138 1008/1080/1103 1229/1332/1100 1296/1196/1149
f 1296/1196/1149 1229/1332/1100 997/1065/1099 1239/1344/1118
f 1066/1365/1150 1296/1196/1149 1239/1344/1118 995/1063/1117
f 998/1066/1089 1244/1349/1124 1297/1197/1151 1224/1326/1084
f 1244/1349/1124 999/1067/1107 1231/1334/1106 1297/1197/1151
f 1297/1197/1151 1231/1334/1106 1012/1084/1105 1062/1361/1140
f 1224/1326/1084 1297/1197/1151 1062/1361/1140 1010/1082/1081
f 1011/1083/1080 1063/1362/1143 1298/1198/1152 1220/1321/1075
f 1063/1362/1143 1012/1084/1105 1230/1333/1104 1298/1198/1152
f 1298/1198/1152 1230/1333/1104 1008/1080/1103 1252/1359/1139
f 1220/1321/1075 1298/1198/1152 1252/1359/1139 1009/1081/1072
f 1001/1070/1126 1247/1353/1129 1299/1199/1153 1067/1366/1154
f 1247/1353/1129 1002/1071/1076 1217/1317/1073 1299/1199/1153
f 1299/1199/1153 1217/1317/1073 1009/1081/1072 1251/1358/1136
f 1067/1366/1154 1299/1199/1153 1251/1358/1136 1007/1079/1135
f 1010/1082/1081 1064/1363/1142 1300/1200/1155 1221/1322/1082
f 1064/1363/1142 1011/1083/1080 1219/1320/1079 1300/1200/1155
f 1300/1200/1155 1219/1320/1079 1006/1077/1078 1248/1355/1131
f 1221/1322/1082 1300/1200/1155 1248/1355/1131 1004/1074/1085
f 1005/1076/1071 1249/1356/1134 1301/1201/1156 1216/1316/1066
f 1249/1356/1134 1006/1078/1078 1218/1319/1077 1301/1201/1156
f 1301/1201/1156 1218/1319/1077 1002/1072/1076 1246/1351/1130
f 1216/1316/1066 1301/1201/1156 1246/1351/1130 1003/1073/1063
f 989/1053/1108 1235/1339/1111 1302/1202/1157 1068/1367/1158
f 1235/1339/1111 990/1055/1067 1213/1313/1064 1302/1202/1157
f 1302/1202/1157 1213/1313/1064 1003/1073/1063 1245/1350/1127
f 1068/1367/1158 1302/1202/1157 1245/1350/1127 1001/1069/1126
f 1004/1075/1085 1250/1357/1133 1303/1203/1159 1222/1324/1086
f 1250/1357/1133 1005/1076/1071 1215/1315/1070 1303/1203/1159
f 1303/1203/1159 1215/1315/1070 992/1058/1069 1238/1343/1115
f 1222/1324/1086 1303/1203/1159 1238/1343/1115 993/1060/1087
f 995/1063/1117 1065/1364/1145 1304/1204/1160 1066/1365/1150
f 1065/1364/1145 989/1054/1108 1068/1368/1158 1304/1204/1160
f 1304/1204/1160 1068/1368/1158 1001/1070/1126 1067/1366/1154
f 1066/1365/1150 1304/1204/1160 1067/1366/1154 1007/1079/1135
s 19
f 1027/1101/1161 1069/1369/1162 1305/1205/1163 1072/1372/1164
f 1069/1369/1162 1014/1086/1165 1070/1370/1166 1305/1205/1163
f 1305/1205/1163 1070/1370/1166 1016/1088/1167 1071/1371/1168
f 1072/1372/1164 1305/1205/1163 1071/1371/1168 1029/1105/1169
f 1033/1113/1170 1073/1374/1171 1306/1206/1172 1076/1380/1173
f 1073/1374/1171 1026/1099/1174 1074/1376/1175 1306/1206/1172
f 1306/1206/1172 1074/1376/1175 1030/1107/1176 1075/1378/1177
f 1076/1380/1173 1306/1206/1172 1075/1378/1177 1035/1117/1178
f 1034/1115/1179 1077/1382/1180 1307/1207/1181 1080/1386/1182
f 1077/1382/1180 1028/1103/1183 1078/1384/1184 1307/1207/1181
f 1307/1207/1181 1078/1384/1184 1017/1089/1185 1079/1385/1186
f 1080/1386/1182 1307/1207/1181 1079/1385/1186 1022/1094/1187
f 1015/1087/1188 1081/1387/1189 1308/1208/1190 1084/1390/1191
f 1081/1387/1189 1020/1092/1192 1082/1388/1193 1308/1208/1190
f 1308/1208/1190 1082/1388/1193 1024/1096/1194 1083/1389/1195
f 1084/1390/1191 1308/1208/1190 1083/1389/1195 1018/1090/1196
f 1021/1093/1197 1085/1391/1198 1309/1209/1199 1088/1395/1200
f 1085/1391/1198 1032/1111/1201 1086/1392/1202 1309/1209/1199
f 1309/1209/1199 1086/1392/1202 1036/1119/1203 1087/1394/1204
f 1088/1395/1200 1309/1209/1199 1087/1394/1204 1023/1095/1205
f 1013/1085/1206 1089/1396/1207 1310/1210/1208 1091/1398/1209
f 1015/1087/1188 1090/1397/1210 1310/1210/1208 1089/1396/1207
f 1014/1086/1165 1091/1398/1209 1310/1210/1208 1090/1397/1210
f 1016/1088/1167 1092/1399/1211 1311/1211/1212 1094/1401/1213
f 1018/1090/1196 1093/1400/1214 1311/1211/1212 1092/1399/1211
f 1017/1089/1185 1094/1401/1213 1311/1211/1212 1093/1400/1214
f 1019/1091/1215 1095/1402/1216 1312/1212/1217 1097/1404/1218
f 1021/1093/1197 1096/1403/1219 1312/1212/1217 1095/1402/1216
f 1020/1092/1192 1097/1404/1218 1312/1212/1217 1096/1403/1219
f 1022/1094/1187 1098/1405/1220 1313/1213/1221 1100/1407/1222
f 1024/1096/1194 1099/1406/1223 1313/1213/1221 1098/1405/1220
f 1023/1095/1205 1100/1407/1222 1313/1213/1221 1099/1406/1223
f 1025/1097/1224 1101/1408/1225 1314/1214/1226 1103/1411/1227
f 1027/1102/1161 1102/1410/1228 1314/1214/1226 1101/1408/1225
f 1026/1100/1174 1103/1411/1227 1314/1214/1226 1102/1410/1228
f 1028/1104/1183 1104/1412/1229 1315/1215/1230 1106/1414/1231
f 1030/1108/1176 1105/1413/1232 1315/1215/1230 1104/1412/1229
f 1029/1106/1169 1106/1414/1231 1315/1215/1230 1105/1413/1232
f 1031/1109/1233 1107/1416/1234 1316/1216/1235 1109/1418/1236
f 1033/1114/1170 1108/1417/1237 1316/1216/1235 1107/1416/1234
f 1032/1112/1201 1109/1418/1236 1316/1216/1235 1108/1417/1237
f 1034/1116/1179 1110/1420/1238 1317/1217/1239 1112/1423/1240
f 1036/1120/1203 1111/1422/1241 1317/1217/1239 1110/1420/1238
f 1035/1118/1178 1112/1423/1240 1317/1217/1239 1111/1422/1241
f 1019/1091/1215 1097/1404/1218 1318/1218/1242 1113/1424/1243
f 1097/1404/1218 1020/1092/1192 1081/1387/1189 1318/1218/1242
f 1318/1218/1242 1081/1387/1189 1015/1087/1188 1089/1396/1207
f 1113/1424/1243 1318/1218/1242 1089/1396/1207 1013/1085/1206
f 1014/1086/1165 1090/1397/1210 1319/1219/1244 1070/1370/1166
f 1090/1397/1210 1015/1087/1188 1084/1390/1191 1319/1219/1244
f 1319/1219/1244 1084/1390/1191 1018/1090/1196 1092/1399/1211
f 1070/1370/1166 1319/1219/1244 1092/1399/1211 1016/1088/1167
f 1017/1089/1185 1093/1400/1214 1320/1220/1245 1079/1385/1186
f 1093/1400/1214 1018/1090/1196 1083/1389/1195 1320/1220/1245
f 1320/1220/1245 1083/1389/1195 1024/1096/1194 1098/1405/1220
f 1079/1385/1186 1320/1220/1245 1098/1405/1220 1022/1094/1187
f 1023/1095/1205 1099/1406/1223 1321/1221/1246 1088/1395/1200
f 1099/1406/1223 1024/1096/1194 1082/1388/1193 1321/1221/1246
f 1321/1221/1246 1082/1388/1193 1020/1092/1192 1096/1403/1219
f 1088/1395/1200 1321/1221/1246 1096/1403/1219 1021/1093/1197
f 1031/1110/1233 1109/1419/1236 1322/1222/1247 1114/1425/1248
f 1109/1419/1236 1032/1111/1201 1085/1391/1198 1322/1222/1247
f 1322/1222/1247 1085/1391/1198 1021/1093/1197 1095/1402/1216
f 1114/1425/1248 1322/1222/1247 1095/1402/1216 1019/1091/1215
f 1022/1094/1187 1100/1407/1222 1323/1223/1249 1080/1386/1182
f 1100/1407/1222 1023/1095/1205 1087/1394/1204 1323/1223/1249
f 1323/1223/1249 1087/1394/1204 1036/1119/1203 1110/1421/1238
f 1080/1386/1182 1323/1223/1249 1110/1421/1238 1034/1115/1179
f 1035/1118/1178 1111/1422/1241 1324/1224/1250 1076/1381/1173
f 1111/1422/1241 1036/1120/1203 1086/1393/1202 1324/1224/1250
f 1324/1224/1250 1086/1393/1202 1032/1112/1201 1108/1417/1237
f 1076/1381/1173 1324/1224/1250 1108/1417/1237 1033/1114/1170
f 1025/1097/1224 1103/1411/1227 1325/1225/1251 1115/1426/1252
f 1103/1411/1227 1026/1100/1174 1073/1375/1171 1325/1225/1251
f 1325/1225/1251 1073/1375/1171 1033/1114/1170 1107/1416/1234
f 1115/1426/1252 1325/1225/1251 1107/1416/1234 1031/1109/1233
f 1034/1116/1179 1112/1423/1240 1326/1226/1253 1077/1383/1180
f 1112/1423/1240 1035/1118/1178 1075/1379/1177 1326/1226/1253
f 1326/1226/1253 1075/1379/1177 1030/1108/1176 1104/1412/1229
f 1077/1383/1180 1326/1226/1253 1104/1412/1229 1028/1104/1183
f 1029/1106/1169 1105/1413/1232 1327/1227/1254 1072/1373/1164
f 1105/1413/1232 1030/1108/1176 1074/1377/1175 1327/1227/1254
f 1327/1227/1254 1074/1377/1175 1026/1100/1174 1102/1410/1228
f 1072/1373/1164 1327/1227/1254 1102/1410/1228 1027/1102/1161
f 1013/1085/1206 1091/1398/1209 1328/1228/1255 1116/1428/1256
f 1091/1398/1209 1014/1086/1165 1069/1369/1162 1328/1228/1255
f 1328/1228/1255 1069/1369/1162 1027/1101/1161 1101/1409/1225
f 1116/1428/1256 1328/1228/1255 1101/1409/1225 1025/1098/1224
f 1028/1103/1183 1106/1415/1231 1329/1229/1257 1078/1384/1184
f 1106/1415/1231 1029/1105/1169 1071/1371/1168 1329/1229/1257
f 1329/1229/1257 1071/1371/1168 1016/1088/1167 1094/1401/1213
f 1078/1384/1184 1329/1229/1257 1094/1401/1213 1017/1089/1185
f 1019/1091/1215 1113/1424/1243 1330/1230/1258 1114/1425/1248
f 1113/1424/1243 1013/1085/1206 1116/1428/1256 1330/1230/1258
f 1330/1230/1258 1116/1428/1256 1025/1098/1224 1115/1427/1252
f 1114/1425/1248 1330/1230/1258 1115/1427/1252 1031/1110/1233
s 28
f 1051/1139/1259 1117/1429/1260 1331/1231/1261 1120/1432/1262
f 1117/1429/1260 1053/1141/1263 1118/1430/1264 1331/1231/1261
f 1331/1231/1261 1118/1430/1264 1040/1124/1265 1119/1431/1266
f 1120/1432/1262 1331/1231/1261 1119/1431/1266 1038/1122/1267
f 1057/1146/1268 1121/1433/1269 1332/1232/1270 1124/1437/1271
f 1121/1433/1269 1059/1150/1272 1122/1435/1273 1332/1232/1270
f 1332/1232/1270 1122/1435/1273 1054/1142/1274 1123/1436/1275
f 1124/1437/1271 1332/1232/1270 1123/1436/1275 1050/1138/1276
f 1058/1148/1277 1125/1438/1278 1333/1233/1279 1128/1442/1280
f 1125/1438/1278 1046/1132/1281 1126/1440/1282 1333/1233/1279
f 1333/1233/1279 1126/1440/1282 1041/1125/1283 1127/1441/1284
f 1128/1442/1280 1333/1233/1279 1127/1441/1284 1052/1140/1285
f 1039/1123/1286 1129/1443/1287 1334/1234/1288 1132/1447/1289
f 1129/1443/1287 1042/1126/1290 1130/1444/1291 1334/1234/1288
f 1334/1234/1288 1130/1444/1291 1048/1135/1292 1131/1445/1293
f 1132/1447/1289 1334/1234/1288 1131/1445/1293 1044/1129/1294
f 1045/1131/1295 1133/1448/1296 1335/1235/1297 1136/1451/1298
f 1133/1448/1296 1047/1134/1299 1134/1449/1300 1335/1235/1297
f 1335/1235/1297 1134/1449/1300 1060/1152/1301 1135/1450/1302
f 1136/1451/1298 1335/1235/1297 1135/1450/1302 1056/1145/1303
f 1037/1121/1304 1137/1452/1305 1336/1236/1306 1139/1454/1307
f 1038/1122/1267 1138/1453/1308 1336/1236/1306 1137/1452/1305
f 1039/1123/1286 1139/1454/1307 1336/1236/1306 1138/1453/1308
f 1040/1124/1265 1140/1455/1309 1337/1237/1310 1142/1457/1311
f 1041/1125/1283 1141/1456/1312 1337/1237/1310 1140/1455/1309
f 1042/1126/1290 1142/1457/1311 1337/1237/1310 1141/1456/1312
f 1043/1127/1313 1143/1458/1314 1338/1238/1315 1145/1461/1316
f 1044/1130/1294 1144/1460/1317 1338/1238/1315 1143/1458/1314
f 1045/1131/1295 1145/1461/1316 1338/1238/1315 1144/1460/1317
f 1046/1133/1281 1146/1462/1318 1339/1239/1319 1148/1464/1320
f 1047/1134/1299 1147/1463/1321 1339/1239/1319 1146/1462/1318
f 1048/1136/1292 1148/1464/1320 1339/1239/1319 1147/1463/1321
f 1049/1137/1322 1149/1466/1323 1340/1240/1324 1151/1468/1325
f 1050/1138/1276 1150/1467/1326 1340/1240/1324 1149/1466/1323
f 1051/1139/1259 1151/1468/1325 1340/1240/1324 1150/1467/1326
f 1052/1140/1285 1152/1469/1327 1341/1241/1328 1154/1471/1329
f 1053/1141/1263 1153/1470/1330 1341/1241/1328 1152/1469/1327
f 1054/1142/1274 1154/1471/1329 1341/1241/1328 1153/1470/1330
f 1055/1143/1331 1155/1472/1332 1342/1242/1333 1157/1474/1334
f 1056/1145/1303 1156/1473/1335 1342/1242/1333 1155/1472/1332
f 1057/1147/1268 1157/1474/1334 1342/1242/1333 1156/1473/1335
f 1058/1149/1277 1158/1476/1336 1343/1243/1337 1160/1479/1338
f 1059/1151/1272 1159/1478/1339 1343/1243/1337 1158/1476/1336
f 1060/1152/1301 1160/1479/1338 1343/1243/1337 1159/1478/1339
f 1043/1128/1313 1161/1480/1340 1344/1244/1341 1143/1459/1314
f 1161/1480/1340 1037/1121/1304 1139/1454/1307 1344/1244/1341
f 1344/1244/1341 1139/1454/1307 1039/1123/1286 1132/1447/1289
f 1143/1459/1314 1344/1244/1341 1132/1447/1289 1044/1129/1294
f 1038/1122/1267 1119/1431/1266 1345/1245/1342 1138/1453/1308
f 1119/1431/1266 1040/1124/1265 1142/1457/1311 1345/1245/1342
f 1345/1245/1342 1142/1457/1311 1042/1126/1290 1129/1443/1287
f 1138/1453/1308 1345/1245/1342 1129/1443/1287 1039/1123/1286
f 1041/1125/1283 1126/1440/1282 1346/1246/1343 1141/1456/1312
f 1126/1440/1282 1046/1132/1281 1148/1465/1320 1346/1246/1343
f 1346/1246/1343 1148/1465/1320 1048/1135/1292 1130/1444/1291
f 1141/1456/1312 1346/1246/1343 1130/1444/1291 1042/1126/1290
f 1047/1134/1299 1133/1448/1296 1347/1247/1344 1147/1463/1321
f 1133/1448/1296 1045/1131/1295 1144/1460/1317 1347/1247/1344
f 1347/1247/1344 1144/1460/1317 1044/1130/1294 1131/1446/1293
f 1147/1463/1321 1347/1247/1344 1131/1446/1293 1048/1136/1292
f 1055/1143/1331 1162/1481/1345 1348/1248/1346 1155/1472/1332
f 1162/1481/1345 1043/1127/1313 1145/1461/1316 1348/1248/1346
f 1348/1248/1346 1145/1461/1316 1045/1131/1295 1136/1451/1298
f 1155/1472/1332 1348/1248/1346 1136/1451/1298 1056/1145/1303
f 1046/1133/1281 1125/1439/1278 1349/1249/1347 1146/1462/1318
f 1125/1439/1278 1058/1149/1277 1160/1479/1338 1349/1249/1347
f 1349/1249/1347 1160/1479/1338 1060/1152/1301 1134/1449/1300
f 1146/1462/1318 1349/1249/1347 1134/1449/1300 1047/1134/1299
f 1059/1151/1272 1121/1434/1269 1350/1250/1348 1159/1478/1339
f 1121/1434/1269 1057/1147/1268 1156/1473/1335 1350/1250/1348
f 1350/1250/1348 1156/1473/1335 1056/1145/1303 1135/1450/1302
f 1159/1478/1339 1350/1250/1348 1135/1450/1302 1060/1152/1301
f 1049/1137/1322 1163/1483/1349 1351/1251/1350 1149/1466/1323
f 1163/1483/1349 1055/1144/1331 1157/1475/1334 1351/1251/1350
f 1351/1251/1350 1157/1475/1334 1057/1146/1268 1124/1437/1271
f 1149/1466/1323 1351/1251/1350 1124/1437/1271 1050/1138/1276
f 1058/1148/1277 1128/1442/1280 1352/1252/1351 1158/1477/1336
f 1128/1442/1280 1052/1140/1285 1154/1471/1329 1352/1252/1351
f 1352/1252/1351 1154/1471/1329 1054/1142/1274 1122/1435/1273
f 1158/1477/1336 1352/1252/1351 1122/1435/1273 1059/1150/1272
f 1053/1141/1263 1117/1429/1260 1353/1253/1352 1153/1470/1330
f 1117/1429/1260 1051/1139/1259 1150/1467/1326 1353/1253/1352
f 1353/1253/1352 1150/1467/1326 1050/1138/1276 1123/1436/1275
f 1153/1470/1330 1353/1253/1352 1123/1436/1275 1054/1142/1274
f 1037/1121/1304 1164/1484/1353 1354/1254/1354 1137/1452/1305
f 1164/1484/1353 1049/1137/1322 1151/1468/1325 1354/1254/1354
f 1354/1254/1354 1151/1468/1325 1051/1139/1259 1120/1432/1262
f 1137/1452/1305 1354/1254/1354 1120/1432/1262 1038/1122/1267
f 1052/1140/1285 1127/1441/1284 1355/1255/1355 1152/1469/1327
f 1127/1441/1284 1041/1125/1283 1140/1455/1309 1355/1255/1355
f 1355/1255/1355 1140/1455/1309 1040/1124/1265 1118/1430/1264
f 1152/1469/1327 1355/1255/1355 1118/1430/1264 1053/1141/1263
f 1043/1128/1313 1162/1482/1345 1356/1256/1356 1161/1480/1340
f 1162/1482/1345 1055/1144/1331 1163/1483/1349 1356/1256/1356
f 1356/1256/1356 1163/1483/1349 1049/1137/1322 1164/1484/1353
f 1161/1480/1340 1356/1256/1356 1164/1484/1353 1037/1121/1304
